-64.03861862821864,-69.88826801148787,-64.85156043094533,-58.61995208183763,-66.06594192120969
-64.61748752816686,-71.13065797729469,-66.30386432350238,-58.029476232451564,-66.67638346471341
-64.26728260642112,-71.62626069815775,-66.70244337727439,-57.16539854788213,-66.34040018797133
-63.290036498767265,-71.8052010307406,-66.57959353020408,-55.93515120213031,-65.39572842323247
-62.191034457068625,-72.00682930445456,-66.43172404822134,-54.55954530419528,-64.4330117223709
-61.130225534021974,-71.99498783221253,-66.05072160709602,-53.45529457092918,-63.760622346022856
-59.91460371679344,-71.48484587952758,-65.06481150785316,-52.70350057363444,-63.3481629163427
-58.45730819115522,-70.71046788095067,-63.6774827937389,-51.96377627993533,-63.07884643661078
-57.10494075564982,-70.06034522737063,-62.40051897139055,-51.14868863310363,-62.848673956715594
-56.43053171258217,-69.51647054981443,-61.38331086759723,-50.74596838596335,-62.50480929563031
-56.683316474774834,-68.86170671512706,-60.419627484364995,-51.10640509329073,-61.885379323535794
-57.53968815165506,-68.15540099389916,-59.40913011545288,-51.87412508196751,-60.99264656788044
-58.459885455347255,-67.65392773637637,-58.47341581549594,-52.57121473654688,-60.08352242582162
-59.17437373890012,-67.4792563033955,-57.693862369193695,-53.30543359890781,-59.49333002627791
-59.737123831965185,-67.62352426706946,-56.959816779515975,-54.42705441041749,-59.31765459564994
-60.257328400476034,-68.05302694690323,-56.1465249264112,-55.837820023217546,-59.34479556494959
-60.73689914539516,-68.55113474021525,-55.37778017175472,-57.08114890119368,-59.35061156285702
-61.143942645099195,-68.66822756680033,-54.97891519651438,-57.88695970569654,-59.31842990215815
-61.53318238943204,-68.11328727480016,-55.11024533495335,-58.307847310162956,-59.28343903306384
-62.008892512740516,-67.09222485359314,-55.57639725085033,-58.48593390535773,-59.15591731973643
-62.58956535293469,-66.0684229007229,-56.105733258275315,-58.53596683010938,-58.84311904709483
-63.22952812887266,-65.29407582639956,-56.68840476743646,-58.574662747543236,-58.34831488429404
-63.99842119450229,-64.71136519989429,-57.492127148477074,-58.67738097647649,-57.615349351040834
-65.00364825282729,-64.2006965613096,-58.519443904543145,-58.82189073580777,-56.564356796231294
-65.98745304910149,-63.78362484881243,-59.471552642427035,-58.95392022365911,-55.5052232439906
-66.28645206452417,-63.58022366464098,-59.96255302835862,-59.0863433195581,-55.19346294768887
-65.48273541609024,-63.64347600804922,-59.848849762987804,-59.267330672816364,-56.105845612793466
-63.92845898388147,-63.87840772688852,-59.339177807521565,-59.49336493379191,-57.85216345370634
-62.38908672008414,-64.12929096468373,-58.78550456340769,-59.698300288029664,-59.57762940334352
-61.34101361149755,-64.30512885411187,-58.41017151117772,-59.822039609336684,-60.75763329734831
-60.77702374566334,-64.40529713963699,-58.23371664845389,-59.85496829255661,-61.40761708180386
-60.49505352746979,-64.4613585513009,-58.17769025746679,-59.83151237211988,-61.7507197446275
-60.34804409453061,-64.4943639172524,-58.169044664026046,-59.793965757946914,-61.941147885537696
-60.27301801468957,-64.51245316457381,-58.1714144623188,-59.7664691309265,-62.042132390093464
-64.65655755959307,-70.97279957262083,-65.72739828752,-58.431829183537964,-66.97424750175092
-65.31705553100547,-72.46344551144202,-67.39019310615237,-57.70733637677268,-67.73167874091199
-64.88269921308732,-73.05240097189187,-67.88835444956953,-56.61786765029374,-67.33495934399738
-63.70657266481505,-73.25797561215357,-67.82171416915206,-55.0574903511654,-66.19960256568916
-62.39493200757149,-73.49445241139007,-67.7304624709854,-53.32244679221546,-65.0479008366782
-61.16285497477569,-73.4883726053638,-67.3488542862869,-51.953459285398495,-64.25583691053998
-59.805577427335926,-72.9052636595422,-66.24622462565183,-51.065091474636844,-63.78927025119577
-58.21193613429501,-72.02212228212281,-64.66930544303108,-50.2305014254719,-63.51006569532838
-56.748026832083006,-71.28341217373682,-63.21010553897408,-49.317703954031145,-63.27542244408247
-56.04535883714012,-70.63640735028481,-62.02277764996402,-48.909105747248496,-62.86364402512155
-56.3918462363912,-69.80216481089083,-60.85207932451446,-49.442789573355284,-62.05369362337893
-57.429503683186866,-68.86598339976884,-59.59006213350661,-50.49435773004511,-60.86670356115808
-58.53565501965161,-68.17904850375281,-58.40976071163359,-51.44893730599509,-59.662853881482945
-59.36959029527971,-67.93470940437813,-57.434654368642065,-52.36948046447694,-58.891235108241496
-59.971893155039986,-68.1449531633343,-56.53868064174182,-53.641319302537696,-58.67906033355949
-60.48689993555666,-68.74811695726729,-55.55905452077195,-55.18050895452795,-58.75000693727162
-60.95810495178774,-69.43640669139432,-54.63104965732272,-56.521949764206084,-58.797634502176805
-61.375145494198975,-69.62499736260784,-54.145825082292006,-57.41663774038331,-58.77092219313804
-61.80071353273554,-68.94945147332602,-54.29873685935476,-57.953492088525174,-58.69710075070528
-62.34734427456745,-67.67488107380163,-54.85191983540803,-58.273014966637845,-58.47759353615198
-63.0293363514999,-66.38793443923149,-55.483564040571814,-58.449718559755865,-58.02901740504062
-63.794979460656336,-65.41016264985149,-56.205260800949105,-58.563856017180946,-57.384604339794535
-64.73120044046955,-64.66948814065583,-57.23957770454379,-58.68857154245912,-56.48350221858299
-65.96677310746583,-64.01414258654347,-58.580238920591626,-58.8219412876066,-55.20972493559839
-67.19188716711903,-63.471747020939674,-59.82547009084156,-58.94149348727349,-53.90875101287736
-67.6222331201588,-63.19990861386795,-60.466764585036636,-59.08862764208274,-53.46666893551513
-66.77805112608826,-63.268048543668,-60.315199459588584,-59.33062361878732,-54.43476659832541
-65.08325432664638,-63.55083566805854,-59.64314895883765,-59.656455168287984,-56.34185804884388
-63.401389136902445,-63.85356492501268,-58.91299828489242,-59.960852688670286,-58.22570630993671
-62.21108471480105,-64.07660931151524,-58.42179286680848,-60.13017615164112,-59.57558400348272
-61.45507321595972,-64.2308371513549,-58.2006216962146,-60.130360134310855,-60.47774566659935
-60.93838818114894,-64.34834665522517,-58.14396758603056,-60.0216587238394,-61.14024947916173
-60.580875689030115,-64.43524096106133,-58.14882739483237,-59.895924714036646,-61.620009094591744
-60.36939376978982,-64.48801472836477,-58.16265575804664,-59.808995587098224,-61.909125601839186
-64.39842078494394,-71.11177790333865,-64.81315055054118,-58.491028690005216,-67.32174294640794
-64.99166417305642,-72.62711166466175,-66.32395870354817,-57.717519334953295,-68.14906381918821
-64.51743918243417,-73.21241476178932,-66.87363481946304,-56.4900232360842,-67.76052953430104
-63.31422415935987,-73.39965632824378,-66.98805767673855,-54.71221768101268,-66.60325176214587
-61.996368805495855,-73.62633305641468,-67.08969246234065,-52.75627718625709,-65.44151566212311
-60.83661282624492,-73.63773041076747,-66.87280729217083,-51.26437451235216,-64.66934297597479
-59.68749254780751,-73.1107672073729,-65.93431715833748,-50.39221449537676,-64.2599257663652
-58.41948191219328,-72.31749450145146,-64.53076943244761,-49.66397563728981,-64.07500386897489
-57.29186725662604,-71.66084286486894,-63.21338627833887,-48.88408152801381,-63.930500797597624
-56.82128072869245,-71.01619598508941,-62.082145228426725,-48.638138320310695,-63.51323400214713
-57.270178212176205,-70.05845466752791,-60.85907835346941,-49.412249796041976,-62.5385687980167
-58.34852587754042,-68.90627473473319,-59.46336660623341,-50.77926977822677,-61.06855936649911
-59.477551987422,-68.01491156936069,-58.132469537027085,-52.020161073251884,-59.58828890270809
-60.272593967673394,-67.68829674195716,-57.05066872661668,-53.04759592699088,-58.66028589423175
-60.7195087304615,-67.98393797642511,-56.10535853397334,-54.1727072206873,-58.44072059468271
-60.995984722684824,-68.79410666314003,-55.10062552983621,-55.388782563129254,-58.59939977846004
-61.24000238783198,-69.69713500435837,-54.144717349014876,-56.41084326897795,-58.740529753215604
-61.501786093153974,-69.9972596043534,-53.636341166429176,-57.15613720467799,-58.73952781201813
-61.8417565299245,-69.28919019536893,-53.78063649935495,-57.77392384494697,-58.592995320415525
-62.341962401149225,-67.88294642169271,-54.32820736893296,-58.33876802500514,-58.21967179693679
-63.00275711348033,-66.44412392485094,-54.961412874880054,-58.7821160134544,-57.597725651289124
-63.77584523742885,-65.33998519182855,-55.74494992519526,-59.053124400929384,-56.82654231702194
-64.75957360449495,-64.49235221204503,-56.954664824124094,-59.18314340873579,-55.86097399973065
-66.08231700586448,-63.72729958219781,-58.560954817778004,-59.23077125575402,-54.534881391173144
-67.43009371605712,-63.079750313711884,-60.05924548657774,-59.266209822376766,-53.1411659090536
-68.03042962337717,-62.739675252203995,-60.829167502368094,-59.39112970543027,-52.53597842370658
-67.445380710366,-62.78977243602123,-60.64238476184068,-59.692232053692095,-53.23199187508122
-66.10900893032172,-63.078176646825746,-59.82459372111158,-60.146693980201185,-54.74307676815995
-64.77450186135916,-63.38989333515234,-58.93584695230407,-60.5878703873932,-56.23480185221204
-63.71701167263357,-63.64430775556437,-58.3453749948578,-60.806676908888036,-57.45759566076308
-62.76778887430538,-63.87954040715132,-58.09974838790045,-60.71645840466428,-58.65317368797711
-61.83650690484955,-64.11453881835706,-58.06616945864956,-60.42177602585077,-59.89749612108226
-61.060793264010925,-64.31156603308436,-58.10552967652169,-60.10955738237208,-60.957033991486796
-60.569329098234775,-64.43669739971084,-58.144342821247044,-59.89796452257355,-61.63309480513233
-63.57546736648773,-70.76863761063643,-62.713327399353254,-58.68683713143392,-67.43204794474278
-63.999297316124405,-72.19110385571089,-63.83647956535063,-57.89805226919154,-68.30274643800072
-63.50033602055176,-72.71486641751738,-64.41915189419592,-56.55038939684734,-67.96619071153927
-62.359996261139216,-72.848290722636,-64.81661383564956,-54.571083552296436,-66.88112716732611
-61.15029520124257,-73.03196078519531,-65.22220019829892,-52.42358507286898,-65.811735597162
-60.21506545210698,-73.06743775238333,-65.2938362598395,-50.86073215023683,-65.14494276113456
-59.51649662148028,-72.67973459345802,-64.71184894588586,-50.092989156589326,-64.86575564162321
-58.90569252612648,-72.10784948787756,-63.7244795183474,-49.60545871539779,-64.8511892367758
-58.439581063645356,-71.64825944962124,-62.7634249791281,-49.11505678444354,-64.86629461726508
-58.39653813351832,-71.06800989618716,-61.827991576544676,-49.16283060679572,-64.47613911355506
-58.97617106798976,-69.99515232833201,-60.6270342076773,-50.2723743792572,-63.31540481591174
-60.02438157110796,-68.59285335133146,-59.132573185599874,-52.050105772969424,-61.50924190464024
-61.0892439312696,-67.44656303056757,-57.66869759302703,-53.66428710581753,-59.70481085767704
-61.748807795133864,-67.01171114200186,-56.50553634488889,-54.78331648229461,-58.60061865840198
-61.90114450648154,-67.41529759469769,-55.56380492041421,-55.567376704065914,-58.38771644654761
-61.76224316256889,-68.48271610092095,-54.609370874921304,-56.139456220348514,-58.675412617927115
-61.61208703960659,-69.64803271517489,-53.69412281594952,-56.54031594573668,-58.95666959197446
-61.59709273079166,-70.10019911130478,-53.19252746713064,-56.970003855198044,-58.99862394239832
-61.76623625969857,-69.4055701327858,-53.30779724875582,-57.66334863532164,-58.74643525118971
-62.14741330526346,-67.91776367156592,-53.79233540923022,-58.579933371769975,-58.15465512655788
-62.71512647870704,-66.36662258110547,-54.36608698582071,-59.422595481182974,-57.30366650338565
-63.43364475114565,-65.15696192373584,-55.17641233283361,-59.929546071575324,-56.392282270932895
-64.40865243519708,-64.20504019768899,-56.56158533014009,-60.063467306793065,-55.398546017349176
-65.75991026174627,-63.318112300035864,-58.456143965679324,-59.97552604541744,-54.094216439487866
-67.19179266105563,-62.54309074410809,-60.23194005612378,-59.879454047033896,-52.660810478735236
-68.02199396121398,-62.11341395020613,-61.14449726769395,-59.96207844243079,-51.83168910068793
-67.92008848927189,-62.12590559254972,-60.92385697612939,-60.33497995067985,-52.01123325738734
-67.29904402488964,-62.39778096460698,-59.95257577439254,-60.95742412795355,-52.729947591818245
-66.6608925881274,-62.69554669400923,-58.89502388972761,-61.580741629413026,-53.437951874291
-65.91808995433163,-62.9800509354734,-58.202280592468206,-61.857032163962906,-54.34186884048023
-64.7307526367811,-63.33328290006667,-57.94183866122931,-61.619647481167156,-55.920712354138075
-63.19076413047459,-63.74909363090186,-57.949570294165326,-61.03655541226216,-58.02387540136973
-61.786707452179265,-64.1179251121847,-58.04153921717286,-60.43744112467636,-59.95498197092708
-60.87208884604712,-64.35629596554918,-58.11742740780034,-60.0344821119317,-61.21551539464903
-62.68599181162378,-70.52904156578884,-60.672170132193095,-58.818807013272966,-67.58240059738664
-62.92430660131939,-71.87465337346192,-61.41395515696864,-57.99624296913096,-68.5092582428879
-62.39169409467362,-72.32776131822423,-62.018791935081715,-56.5142697508608,-68.23592866586806
-61.30843150890155,-72.3826127293113,-62.6763840989083,-54.31822605478494,-67.23620710340396
-60.20094910943125,-72.49861381112103,-63.36302877577233,-51.961543013749214,-66.27279483739034
-59.48892768918871,-72.54291154208885,-63.71048011578332,-50.31415425724187,-65.71817088222065
-59.24895262499502,-72.28942473038383,-63.4845290797585,-49.64432034072965,-65.56552285492067
-59.308250734173576,-71.94124504900111,-62.92089145506294,-49.3926346242833,-65.7112491488839
-59.515175023822906,-71.68514256566063,-62.32404676301143,-49.18776423205204,-65.87695808515787
-59.90728209701919,-71.17672931774014,-61.58515749340564,-49.538308263277386,-65.50596255081993
-60.6236217567611,-69.99601787582718,-60.39710721519545,-51.01773438206597,-64.15039111175231
-61.646204248458844,-68.35250609706436,-58.78561185130395,-53.25917128316983,-61.99826227246092
-62.64986531366155,-66.95797076176953,-57.16846186997905,-55.299015366265486,-59.86183093859523
-63.17893501569604,-66.40920833940976,-55.91182279122047,-56.54331994732021,-58.57541289985297
-63.047148365407054,-66.89350536158503,-54.968855424728424,-56.99998583191321,-58.36290493818793
-62.50823688075315,-68.174712955663,-54.065693658777754,-56.92967982889891,-58.77324452540601
-61.97910405054836,-69.56100484303954,-53.190384016185234,-56.70787691338355,-59.19058730652538
-61.69870048590691,-70.14622452053666,-52.69107933181929,-56.818128544405326,-59.27565488085103
-61.70733728786154,-69.4760475076608,-52.76925272307102,-57.57974582698006,-58.92242885070272
-61.979240217080864,-67.937754493235,-53.17683036294482,-58.83937955379866,-58.12060814241923
-62.464782895037665,-66.30515226887707,-53.67276080633282,-60.076908220632696,-57.04614287036116
-63.1392304214424,-65.0005301187066,-54.49281844793225,-60.82674483781809,-55.98558641472458
-64.11753457412492,-63.9259957897409,-56.03762444566972,-60.989384477842094,-54.932884030298574
-65.51225730059059,-62.87637170864904,-58.20211313230239,-60.80657456350093,-53.59885968874701
-67.0459180601707,-61.929724783006925,-60.23770434834668,-60.621586268566986,-52.072031607493635
-68.11932572631063,-61.379828573049224,-61.292733511994776,-60.68841317410851,-50.982829190908944
-68.50692673155376,-61.342202307700894,-61.06794932964791,-61.13363377444225,-50.632477281130654
-68.60582312104691,-61.59386681469545,-59.99413250725293,-61.911778478315426,-50.55650159413392
-68.6686740531997,-61.8767839798753,-58.81736848485185,-62.70314541952253,-50.48147442254802
-68.23647519096622,-62.198465490329205,-58.054340032542484,-63.02116310398777,-51.07598570718643
-66.79067617928457,-62.69078966210072,-57.79142546178358,-62.61250465587762,-53.06577107654409
-64.61004687591718,-63.319655957942985,-57.84123150354122,-61.71017980781193,-56.06847271588877
-62.54707226495704,-63.89042946217789,-57.982542441197204,-60.79632884054346,-58.90970568884202
-61.189161131608046,-64.26179141215852,-58.09267781777789,-60.18381027563596,-60.77998993309344
-61.9037161947631,-70.55195549311065,-59.61100640183893,-58.72148391375091,-67.64858421097071
-61.97779494202715,-71.86666944864389,-60.133343644502155,-57.84442787078884,-68.62220542130235
-61.4135119185046,-72.23946102835586,-60.70121517242781,-56.28060720388398,-68.42789312969394
-60.37313356325776,-72.17086333735517,-61.42037715542978,-53.97098271916202,-67.54407479257732
-59.33475765655645,-72.16877335495064,-62.18051406831021,-51.502403578057326,-66.70906310681487
-58.76597182472866,-72.17026820866427,-62.63835118590155,-49.8085713885699,-66.25532387345557
-58.82109222291886,-71.98474034429924,-62.621693256196174,-49.192242232026445,-66.16767663147112
-59.30624014347351,-71.78184823162938,-62.34018900593639,-49.0682537835809,-66.37125240687641
-59.930414364590085,-71.67013782722147,-61.99360771713366,-49.02092856639655,-66.59112159503204
-60.58701894464838,-71.23922646400578,-61.39130064821392,-49.56514264423478,-66.21750455905593
-61.38144817438962,-70.05005602041477,-60.211465457719164,-51.32413694142944,-64.75783942342781
-62.37628351176006,-68.33724921900735,-58.518319464143325,-53.938696813544325,-62.433234932032335
-63.32753040774014,-66.85713461864732,-56.795849353184806,-56.32981287132731,-60.13751930409051
-63.78265894172053,-66.23911925403435,-55.47809533629461,-57.71730055633063,-58.76057266539713
-63.52337660658846,-66.67351236120041,-54.54795722305,-58.01531830405686,-58.53503408484292
-62.81502157882445,-67.91006857391493,-53.69814725585544,-57.58278570666979,-58.985780685978916
-62.127910626067084,-69.25998414122608,-52.866267760122106,-57.00195146760229,-59.4578983847355
-61.73925488438946,-69.84784498094265,-52.36933860596321,-56.91310643572556,-59.565021481854444
-61.684389327019936,-69.24324739571915,-52.3985208926867,-57.672067369951755,-59.17835080767562
-61.91706420696694,-67.81312145783194,-52.707507870865236,-59.06936860183584,-58.302396854347755
-62.3757736506287,-66.27195907880056,-53.08937817198458,-60.48776567894325,-57.14470394067216
-63.04005953191567,-64.9800032791074,-53.83998201742961,-61.38010457988651,-56.00000657858787
-64.03086571281962,-63.80651761421635,-55.38762359651382,-61.63151557952167,-54.84410957140197
-65.46134714178957,-62.56528565938621,-57.593894150943164,-61.524792321973244,-53.369992532843355
-67.06680514971369,-61.407008103629735,-59.671676513744224,-61.42574633013378,-51.6637136324812
-68.29266547169578,-60.707216887291665,-60.78045238508659,-61.561130861242354,-50.34153592635363
-68.97268739536969,-60.60365429942579,-60.651191010157845,-62.04068300774002,-49.6530906230521
-69.49862073324618,-60.8267596738488,-59.70377346610487,-62.84894635470634,-49.114508845028965
-69.97754067185616,-61.09133436227917,-58.64267590818817,-63.67270439860915,-48.59154335034191
-69.72335637266177,-61.44689811782648,-57.95747379112925,-63.9574573755903,-49.02124127953235
-68.10399773174943,-62.072172221311114,-57.7386266865401,-63.38609715734921,-51.2807538738945
-65.51299846875422,-62.905732274782544,-57.81313933525255,-62.22865679065298,-54.848849229538786
-63.03042915061255,-63.67115805863861,-57.96909247085436,-61.07119812549635,-58.25827510570638
-61.39067169922125,-64.17072853504655,-58.08733812160199,-60.29800956790693,-60.50864269943466
-61.09603048469571,-70.81469528436757,-59.76064743051503,-58.29248277544972,-67.46871883153852
-61.006051236151045,-72.12803962002897,-60.24848572384752,-57.3422859716905,-68.46063972290136
-60.41987275364043,-72.38273173683632,-60.67194092990268,-55.79846981469194,-68.38662500850288
-59.43464089432688,-72.1049515515757,-61.15514702503067,-53.56514046220531,-67.70605593708373
-58.45405020722595,-71.89028323723538,-61.67895927048385,-51.17034024528276,-67.07592076746224
-57.95045281409509,-71.76552785617342,-62.01256511523526,-49.51951780616475,-66.73572171266686
-58.112775082515704,-71.56853651606548,-62.02883479606521,-48.918099812774045,-66.63749833863479
-58.72962606844971,-71.42752897709043,-61.879866408539705,-48.788885352794814,-66.7554674702133
-59.45731263310275,-71.40224031478282,-61.670150384804984,-48.741013269734594,-66.89389001022955
-60.159856927680934,-71.08073832523401,-61.15351813357098,-49.33982131530316,-66.49447964947441
-60.94313635068851,-70.05392848049267,-60.005790300645074,-51.25428639886394,-65.08064727634739
-61.87923818445339,-68.55015331734357,-58.30753046384153,-54.11080261616265,-62.86298616017342
-62.76044569292159,-67.23998334839209,-56.569026667912176,-56.74953393454832,-60.687887859716824
-63.201407469658356,-66.6196175653884,-55.2608133826052,-58.298452532897265,-59.372659023454695
-63.02691551161453,-66.79486794908026,-54.386269348274695,-58.647151492957505,-59.115866632763
-62.47259295953842,-67.57363802809436,-53.62701323997321,-58.20527662261914,-59.4822193902852
-61.939121120255024,-68.47396400907019,-52.87262353343359,-57.59975760900812,-59.88708935101105
-61.660002490093994,-68.86148337469561,-52.3906510189358,-57.45376913810247,-59.98800101684851
-61.67462583633824,-68.40955311542608,-52.343711346246685,-58.087300560561786,-59.66906136286632
-61.95648164351927,-67.37288518899386,-52.49691121142026,-59.31406535715945,-58.92710256772291
-62.452840343888035,-66.22901879095028,-52.681594093751166,-60.60000923074965,-57.9047703628964
-63.13858050010916,-65.14002816536903,-53.216481162885245,-61.49264377944723,-56.78427788473209
-64.13290477321203,-63.91302484081224,-54.501760098020256,-61.93044615487547,-55.46970696940081
-65.55948137697396,-62.43383349400396,-56.37190032312724,-62.16514077370137,-53.703626419624065
-67.16666478856583,-60.99553706658603,-58.132584489120326,-62.42516577297594,-51.70055462487868
-68.41011747607368,-60.09382112496524,-59.150442222030584,-62.76184653211852,-50.17472424815517
-69.1309857753295,-59.890910164486364,-59.28230974015396,-63.214542822564695,-49.38415459516155
-69.72075278176541,-60.06373578852055,-58.8421496582574,-63.85628308275816,-48.79789071609269
-70.26352608073236,-60.29450221436983,-58.286377678073364,-64.5010265090664,-48.24927761630608
-70.03230150479142,-60.67578677501209,-57.926328899465474,-64.62983857935188,-48.68567087485931
-68.37178910052,-61.43500987296718,-57.83188075816763,-63.89321711053096,-51.00181258376375
-65.69577880279519,-62.4788675958876,-57.90778481694419,-62.55527010417483,-54.66152209577575
-63.1280323308292,-63.444757429229455,-58.02577250371274,-61.24176549161795,-58.15888334978871
-61.431321732667286,-64.07668224582368,-58.111870681151004,-60.368428421162676,-60.46735392683691
-60.19794752021199,-71.4066448171235,-60.82649948222211,-57.53135558333753,-67.2170530042099
-59.92220462270097,-72.76694679641254,-61.41843612864702,-56.46582637627456,-68.23156589093804
-59.30393791997487,-72.86978241385977,-61.612998352642045,-54.990471695248814,-68.31881658565175
-58.363390705848566,-72.2945661274714,-61.630643858272904,-52.94154190462663,-67.90994565810284
-57.413830570448255,-71.77365628832122,-61.68028301367322,-50.7220712354307,-67.54724350510439
-56.91380986836272,-71.44887434922359,-61.71514790283805,-49.156331175268946,-67.33598611337625
-57.064298919141606,-71.1801302841805,-61.64193533709892,-48.53280137722822,-67.17366960772772
-57.63268250000611,-71.04780724890298,-61.53067036604881,-48.300049610990754,-67.10283798378738
-58.26811015154161,-71.0772072340008,-61.38678620327224,-48.13733615775742,-67.0634493469028
-58.88486494935052,-70.88917600790218,-60.917098732861604,-48.71099180684779,-66.61344454889037
-59.61633673658,-70.13109535427938,-59.791692973491195,-50.750264272700605,-65.32475869039419
-60.49653329438906,-69.00752351234645,-58.09815266438465,-53.845119981622226,-63.37164576427527
-61.31661198540914,-68.02317715721551,-56.361620317471775,-56.74182591996635,-61.47725147829903
-61.79897674113364,-67.42747434447433,-55.07954666113226,-58.51314729123162,-60.30692205131002
-61.86458205322075,-67.17750744054767,-54.28104870433426,-59.066713344118554,-59.9938495785018
-61.69376402117472,-67.18796338069464,-53.63372500381261,-58.84388834470643,-60.183222075558874
-61.53372181730929,-67.33230645573121,-52.976958842398346,-58.42429814662756,-60.43437019160406
-61.52017338434131,-67.37122342112168,-52.51080779600139,-58.3073112222324,-60.50835359968141
-61.702984882297656,-67.14114833433445,-52.35903254784464,-58.73297526282503,-60.33158505719044
-62.106028449029736,-66.71572941436081,-52.299315214875286,-59.58808228493359,-59.870958389460455
-62.698003257717865,-66.19822889998841,-52.20799980455674,-60.54330221421195,-59.134299179265355
-63.44271788524484,-65.4413859915417,-52.41360294174757,-61.3605819662439,-58.09303090658099
-64.45582501136731,-64.15938433026112,-53.25604038218851,-62.08344948036995,-56.53237158426272
-65.88030303966197,-62.3518638626946,-54.54052540673702,-62.8859468494678,-54.291438103775874
-67.47519246074984,-60.52384762689076,-55.74748757274523,-63.73939218632082,-51.82703592206124
-68.67218000321014,-59.341629966807815,-56.591849190553944,-64.3995337002558,-50.057809860565996
-69.28229716792801,-59.001126481801535,-57.1359969492791,-64.79197311834828,-49.29893722292603
-69.70817798474616,-59.10612985945704,-57.51598851418925,-65.1292745827095,-48.93542519896498
-70.09368533869447,-59.293825534639886,-57.78187205328031,-65.4458660251237,-48.63988126705471
-69.77765363768256,-59.70766210610758,-57.9466819231712,-65.32068100358657,-49.21276082770182
-68.12696007480224,-60.63491323578012,-58.04198344176701,-64.37918642106234,-51.49488046275029
-65.52243864171676,-61.94248944110004,-58.10058168488319,-62.85806587717294,-55.00759293910641
-63.03425769755948,-63.1603390314397,-58.13855374403566,-61.397648454034545,-58.34550900720278
-61.39208331576687,-63.9585722005014,-58.160361236771536,-60.43249212408851,-60.54535913700064
-59.383274686473605,-72.19009832980058,-62.21971971934608,-56.61858517066174,-67.11445582424471
-58.928048383184866,-73.63932721815881,-62.976083212697844,-55.41065894687319,-68.1777387884987
-58.254038256813665,-73.60275583742414,-62.93837166288959,-54.008952712934125,-68.42115567028011
-57.31218631742518,-72.72846206480209,-62.44806884878125,-52.16738350942125,-68.26027674291252
-56.34134917493615,-71.90098046150872,-61.980060026028006,-50.14240997984904,-68.14242790230965
-55.795673324592215,-71.37259261487421,-61.67740656487026,-48.66474265733908,-68.0466962005371
-55.884212239123386,-71.01789185476649,-61.47048272117933,-48.001883908520604,-67.81586170026345
-56.344787509268905,-70.87378875741763,-61.34634628512245,-47.629966310118135,-67.55888261931969
-56.83345762137379,-70.93845571340205,-61.22209629374624,-47.311756796609934,-67.34740689536589
-57.344709917099415,-70.85576032149268,-60.75535360213093,-47.84043056594091,-66.84400964235132
-58.05863746557087,-70.31441040201936,-59.60064522877024,-50.01853556171217,-65.66166582224197
-58.95352513560754,-69.49999752325367,-57.84818177147013,-53.38611934043978,-63.94205679015567
-59.7840863561423,-68.77620791595452,-56.05080155466732,-56.57432834907891,-62.29677951592382
-60.35770553361371,-68.17416628564928,-54.75284569501801,-58.59229417437721,-61.24579936024887
-60.69214625849708,-67.5115458175057,-54.011681136666944,-59.37047462236085,-60.855649840852756
-60.92217411211461,-66.79691700912535,-53.46918444682526,-59.383088847991615,-60.84755195396381
-61.148222708663106,-66.23069657932402,-52.900064376666194,-59.162496148337134,-60.926548007418056
-61.41066004466596,-65.94524309701139,-52.442088426290326,-59.08813378079027,-60.967823644075224
-61.77110320874859,-65.9308916216286,-52.18259072138998,-59.32542046554601,-60.94234212627371
-62.307849096250024,-66.08961812846388,-51.90784281584384,-59.83476326675627,-60.78232984351964
-63.0113397822408,-66.1657520470633,-51.53679293801961,-60.484731702615136,-60.343559222389395
-63.833986500896174,-65.71215268765543,-51.424820096168006,-61.24624254515462,-59.370633527516084
-64.89056472296764,-64.34860301477865,-51.866712461446106,-62.26973079055478,-57.51642624222754
-66.3466874291112,-62.183053284758124,-52.63053628612375,-63.65520836485013,-54.72215634526718
-67.96404696826342,-59.93596606902411,-53.346885345039425,-65.11859102804566,-51.71616285930836
-69.13219514332417,-58.45513859057258,-54.06129772953503,-66.11775240104336,-49.66200248371791
-69.62178516325075,-57.97478071969402,-55.03977805191641,-66.46416012355887,-48.95093480297238
-69.85770074223619,-58.01798320361729,-56.251099462502054,-66.5147212740197,-48.8621179939021
-70.05953810460107,-58.16888256509837,-57.34430351471925,-66.5200823018528,-48.87463396704879
-69.63520205338176,-58.626352917389546,-58.03356915154937,-66.14367182776155,-49.62589179309555
-67.96781196467415,-59.74350917058543,-58.307313105691584,-64.97730282023714,-51.90790852807367
-65.40461259831892,-61.34584420333776,-58.330893158005495,-63.236752753465424,-55.30364907661567
-62.969525223811154,-62.844193955071724,-58.271141439040086,-61.59396114178389,-58.50642907372204
-61.36483865503616,-63.82723087327608,-58.217042586723586,-60.51332875283168,-60.6128145582053
-58.89306464083667,-72.61726179036276,-63.39127882464114,-55.795551052634615,-67.08350447988988
-58.31797879306957,-74.11359110400996,-64.29558426007324,-54.49995371794865,-68.18192585735173
-57.58444880874684,-73.99724539029508,-64.08234500628177,-53.257344866266784,-68.51912214307863
-56.59941268293065,-72.95456035945448,-63.19604424012715,-51.74642247480939,-68.50469285723418
-55.56478027026364,-71.95457636402263,-62.32221283530261,-50.04901954954921,-68.53502220137766
-54.94006573409187,-71.31342304252617,-61.74657686608317,-48.75333998042177,-68.5200461950824
-54.93281469690001,-70.91432678956066,-61.40974314100294,-48.091105507195884,-68.27446408561335
-55.25650664575808,-70.76707491174814,-61.23678086346975,-47.597261019322744,-67.94816165112876
-55.589174169206764,-70.84275437218754,-61.0849198985973,-47.138452012549095,-67.679700282444
-56.022315114532134,-70.7777639933888,-60.577802752862844,-47.60004698438328,-67.17775653229404
-56.79484915958641,-70.26451370483879,-59.35021436130089,-49.820250620083314,-66.07369482695816
-57.82722995279356,-69.48074402042985,-57.489171824425334,-53.30877812966492,-64.50174676461707
-58.791052096426476,-68.76076763070662,-55.58272597055786,-56.634029026503626,-63.01125996243699
-59.50003018293616,-68.08694463531046,-54.23902692524113,-58.76075363273896,-62.0217293916068
-60.022853773667975,-67.23319940204715,-53.54884157048051,-59.61924608058661,-61.54615039758298
-60.48766144314905,-66.22201931962297,-53.117452360593184,-59.70416674023704,-61.359962491510615
-60.92847805845247,-65.36780056938431,-52.64486169352369,-59.542346550032164,-61.284770686230026
-61.34003300838891,-64.97003548842783,-52.20984060178155,-59.47006675773987,-61.28999078182538
-61.79183199349865,-65.10401263557839,-51.87652529729526,-59.62277811527744,-61.38310575712372
-62.39200148005881,-65.58741132133925,-51.43987465844691,-59.989866691907274,-61.46554690505603
-63.14510450752234,-65.97953000583175,-50.86717817340407,-60.52567700891528,-61.27010636468175
-64.00006780339586,-65.68191567300637,-50.56820721236545,-61.295421708029856,-60.363638787261486
-65.07146882933378,-64.26775226527788,-50.83786688697931,-62.50477656382799,-58.29956753644082
-66.53493157702435,-61.899333290077394,-51.40657226730955,-64.22482075122139,-55.098579818170485
-68.15635650847311,-59.410385585809244,-51.94828703095666,-66.04007399085285,-51.69227170595558
-69.31109951837892,-57.75575468829146,-52.66663489135254,-67.24452343881373,-49.42225017517961
-69.7551227637567,-57.19459045371532,-53.94608652593459,-67.58763463137535,-48.7306911808054
-69.9207934780794,-57.20086378203721,-55.67429155796734,-67.51022656694404,-48.82149667295938
-70.05531007822579,-57.327260771689694,-57.27450967715746,-67.37443810421314,-49.03901594790091
-69.59092342734165,-57.818362241658726,-58.27267145457536,-66.86364435927942,-49.90905252569208
-67.91591977871032,-59.07761710140382,-58.62129233323439,-65.53202461251699,-52.18979673633008
-65.36566841003352,-60.90015062152681,-58.57268809751923,-63.59757754562234,-55.5055200969111
-62.948072141663985,-62.60799665087103,-58.40576690161683,-61.7830774158995,-58.61610308619916
-61.35579374200952,-63.72912940347483,-58.27394858812507,-60.591554564483346,-60.65876390318736
-58.77542096956801,-72.354343524143,-64.25752178186636,-55.06586753902543,-66.99795159358179
-58.154454768100265,-73.79636881939996,-65.27444367258842,-53.78388320235159,-68.08589671878705
-57.365531476801834,-73.67125990857511,-64.94039884016598,-52.89215313694413,-68.43699805268743
-56.303342072509366,-72.6434399954855,-63.772897954065186,-51.99851758564703,-68.45524352670493
-55.16934405601098,-71.6579005203262,-62.607337472853956,-50.93527321716667,-68.52656389252954
-54.42796455443793,-71.03216350432145,-61.82229474129736,-50.03349285392212,-68.56122389957326
-54.272512302301585,-70.65686462254676,-61.35593501163028,-49.45284197670137,-68.38651391484895
-54.39887245693441,-70.53013096116173,-61.08990978353737,-48.860099164241,-68.15864645708814
-54.5402600501996,-70.58841429771675,-60.85240574955078,-48.2769602011437,-67.99996780941439
-54.91710802824564,-70.42449638434135,-60.25621712908064,-48.61983982065021,-67.59444016330595
-55.84875401671224,-69.68691242357838,-58.91857771700116,-50.69107653920827,-66.57481024136723
-57.18823580853769,-68.55804092265505,-56.91222582421473,-54.008690899664,-65.09621461908259
-58.456133077496084,-67.48945425132865,-54.86161795355072,-57.182750357887144,-63.69466879477211
-59.363735891123845,-66.65297020447363,-53.45955933539523,-59.177901461121785,-62.72287235142403
-59.97384492986727,-65.91629002604563,-52.84369529991577,-59.888732407457226,-62.14761790092702
-60.45606993345295,-65.20121060782847,-52.57064489754735,-59.80508125399165,-61.78600486177624
-60.885158385417576,-64.63933500648066,-52.241481248879644,-59.499327230008745,-61.55889177014599
-61.27388804878428,-64.42724272055777,-51.870017196862975,-59.36541200938169,-61.51694673104231
-61.693191007789125,-64.639004620186,-51.50575243386218,-59.56074541429782,-61.699738173967994
-62.24727288798685,-65.12451915237676,-50.96486621166865,-60.046511784079215,-61.981053503471784
-62.94577181356832,-65.48370758261738,-50.278706625072765,-60.71286389123624,-61.99898607657776
-63.74650233353305,-65.1686280639859,-49.95288708184759,-61.56670572115323,-61.1946402486418
-64.76117714199285,-63.78088607738907,-50.33959547658765,-62.7974280363189,-59.063101121198905
-66.1541631919318,-61.46208378004826,-51.13075237472927,-64.50619730461037,-55.68621322210642
-67.70594602907913,-59.011477732913235,-51.905185761719714,-66.31507580098047,-52.10921736193638
-68.83716990946138,-57.374647649944194,-52.802105679560256,-67.53648711849527,-49.743941597047666
-69.33306434243674,-56.818367021629456,-54.20975814287837,-67.92773392542692,-49.04178912858372
-69.60052000049298,-56.81361940888108,-56.050230052877794,-67.93097547713994,-49.18443006242777
-69.83535549599985,-56.92253470576004,-57.74417673290449,-67.8783175777846,-49.46945402229747
-69.44367819316028,-57.42412786887006,-58.77022232774904,-67.39033244351542,-50.35914465344811
-67.81886938031882,-58.75054455858799,-59.04916229099077,-65.982664369759,-52.57515758371907
-65.30739655799259,-60.68057074287618,-58.863702777958274,-63.90366608775963,-55.767365039358126
-62.91849279836623,-62.491506325662,-58.5609187472479,-61.94621560541,-58.755682036334576
-61.34371893527716,-63.68072374526878,-58.338557549756516,-60.6594494451981,-60.716871519738966
-58.82048253524487,-71.74680078047038,-65.12482795860765,-54.23419878651255,-66.98609134321248
-58.17680546918326,-73.0874844704499,-66.2628309949436,-53.01376690888045,-68.05632232668326
-57.31509295557126,-72.99647933365517,-65.82452910648477,-52.62699687471818,-68.37306846466498
-56.13026430106037,-72.08724125997661,-64.40189153994021,-52.59979927147218,-68.34399446448775
-54.84578070781819,-71.22383656289492,-62.96801322413682,-52.43187356324292,-68.38279016799014
-53.94099816199925,-70.68938989202215,-61.97849711283332,-52.09630006430348,-68.44843800015289
-53.58760417358207,-70.38370213864445,-61.359465002809024,-51.651432185268064,-68.40563098817779
-53.46239338301221,-70.29893219778523,-60.95431375260908,-50.95369898456413,-68.39718885300259
-53.37450520096627,-70.32579293791157,-60.57738402916431,-50.232609766837115,-68.47125302664864
-53.71365645854734,-69.97149889974602,-59.837249205384595,-50.41627256088104,-68.22872872957211
-54.909602246579645,-68.79587643788643,-58.32522655901735,-52.23178492703031,-67.28351838697239
-56.73169862804844,-66.99922503558584,-56.09306311329068,-55.225083366930605,-65.83872123570808
-58.47625733609987,-65.27559913586438,-53.8179531628726,-58.09693100344344,-64.45857978466348
-59.66477141176851,-64.17590352854053,-52.31263044563386,-59.82031417830342,-63.45604051843887
-60.314223842629474,-63.76292965653905,-51.78091904024083,-60.22422042638964,-62.75202973658069
-60.678514917183584,-63.76635898609909,-51.705520331689755,-59.78485385674802,-62.19613357171873
-60.94793624372159,-63.91368407721691,-51.55699680981719,-59.17335428089005,-61.80195946511742
-61.202811690212286,-64.1063171790944,-51.27545808639352,-58.923020050564304,-61.702085088628515
-61.51280712019316,-64.35944763086492,-50.902611761941664,-59.25519820778342,-61.96624024795384
-61.95668248264056,-64.63507649878616,-50.28161028932226,-60.05850078787314,-62.43933819819433
-62.54128160530184,-64.72475686820027,-49.52334469158964,-61.04888166622164,-62.669330013199456
-63.243028787747654,-64.26520767213647,-49.2769454131399,-62.06449672149953,-61.9857402435642
-64.1709523252053,-62.93209009625106,-50.003153390377044,-63.233453788451655,-59.837796558114086
-65.46688874287335,-60.79646831375126,-51.34687203925158,-64.73114813637837,-56.3636341190132
-66.92746165869252,-58.531393187799154,-52.67694182033002,-66.328078804293,-52.69033900273509
-68.05067130474112,-57.01261127533518,-53.90887629364428,-67.46636085713085,-50.256958531050316
-68.67900339301276,-56.50437439960201,-55.36492305291596,-67.95444555829293,-49.50319427533257
-69.17765681945099,-56.499441594703,-57.08164501617045,-68.18892472526119,-49.60798275925915
-69.63844752676135,-56.5897296849514,-58.623010022192915,-68.37958753296317,-49.86880368229525
-69.39344583744695,-57.095599671125655,-59.50422262877943,-68.01309132400705,-50.72404929147647
-67.83060800000969,-58.476026424398526,-59.61120284184044,-66.55032726071796,-52.86899518507751
-65.32955889460204,-60.495757901468295,-59.22837450566303,-64.29840119913887,-55.962298574410646
-62.933135801223386,-62.39333663598116,-58.75188758856957,-62.15840910435119,-58.85860785268378
-61.35025166558747,-63.63992479886917,-58.417574422753916,-60.748045798094054,-60.759555935320215
-58.68997048984146,-71.28291812131273,-66.01540546229894,-53.402053504411874,-67.19556255801585
-57.98599656069165,-72.54939423292377,-67.28338508466818,-52.23235384026763,-68.28474943589816
-57.04226953601788,-72.49208088225043,-66.7527154225031,-52.32672015712386,-68.5541460824083
-55.73983023969456,-71.6858351429682,-65.08956044332913,-53.128597743300915,-68.43423883217896
-54.31067190490506,-70.93163495884009,-63.40281511485528,-53.81683856554234,-68.39806788961265
-53.25318537001762,-70.48679446880871,-62.21760194890798,-54.020720992103044,-68.46891473644811
-52.72664643090537,-70.25953396567111,-61.44456606142791,-53.70195974838678,-68.54910771089493
-52.38394116567508,-70.23744539197943,-60.892891952805954,-52.898138507243,-68.7628188019799
-52.097124875541915,-70.2547654773157,-60.366929125033295,-52.04130992534308,-69.07445504662567
-52.42191360520614,-69.71133940557932,-59.46761506543756,-52.07969971613694,-68.98297013686941
-53.90247661202919,-68.06269662774926,-57.75525068862455,-53.6768791137484,-68.06864103260173
-56.22624088232625,-65.53787039677698,-55.25902506409471,-56.401207367143805,-66.58874788565103
-58.462340905368535,-63.10169849541533,-52.71844136318971,-59.02290025227214,-65.16435281286843
-59.93742877434624,-61.70712940765239,-51.07489270187245,-60.50409382622944,-64.09557533721186
-60.622957277301644,-61.61723216423036,-50.594883984760166,-60.6020405716819,-63.26869576342784
-60.85819076295745,-62.359639657294416,-50.6815157242438,-59.79025030771159,-62.549910332352624
-60.95730567760485,-63.23938459005485,-50.678773971415495,-58.85431097369783,-62.02086017330296
-61.07617386957878,-63.844440717948935,-50.471183512898776,-58.47979600468512,-61.87532256319989
-61.289294763612425,-64.12361575190998,-50.105310848401025,-58.95720777378262,-62.205112556891
-61.6475436563704,-64.15568984158526,-49.43854325480713,-60.09875106662559,-62.83240556157526
-62.148106803381445,-63.938382854763006,-48.6464270762218,-61.43845365291828,-63.23149831483941
-62.78419153806467,-63.30392561264324,-48.51939957759021,-62.6366243995924,-62.63811663862698
-63.66950837444524,-62.00152006664765,-49.636584848973996,-63.759400640460015,-60.46140251275608
-64.92648278319662,-60.02418014663735,-51.59668166773219,-65.06246573870148,-56.8832364056547
-66.35591128459242,-57.91782113645565,-53.54110159264501,-66.46646163393311,-53.100577040532485
-67.50936412076642,-56.493743477663436,-55.13397659153747,-67.53820919284283,-50.57658825751931
-68.27762036815363,-56.01561795313074,-56.619701198925796,-68.13506855999483,-49.73386147593329
-68.99905004560735,-55.990683503471175,-58.163890849013384,-68.6138935401177,-49.746571495609146
-69.67562636001153,-56.043219169759396,-59.50167790439644,-69.06072897625205,-49.92857023715796
-69.55804574168124,-56.55353912250258,-60.206770136436035,-68.81373381794738,-50.734777540311576
-68.015410677578,-58.02233510759561,-60.13536517024926,-67.26643313359523,-52.86036601931999
-65.46661405866095,-60.19012570098806,-59.56437991319338,-64.79309454459195,-55.95177092054541
-63.00847921844019,-62.23093606101508,-58.926977349741385,-62.423655307023026,-58.85204374050003
-61.38194875274708,-63.572422483086854,-58.48980642436516,-60.85869232167041,-60.75669454658145
-58.02193559790501,-70.97571455361383,-66.40343007365318,-53.119396294399245,-67.55135796571682
-57.18187537308752,-72.18192732964917,-67.72733791943648,-52.0226922801956,-68.6818564484458
-56.21837522897941,-72.12121821329383,-67.15444502154304,-52.408465112883846,-68.89029563106504
-54.955188572492254,-71.34498928749352,-65.38312420822157,-53.6896071002675,-68.6409227850911
-53.55292776084841,-70.62774971431867,-63.58040197455733,-54.8764659352652,-68.48178714131537
-52.49343224206954,-70.23332802166611,-62.30000035618159,-55.400015201331954,-68.49993282179213
-51.94057770296569,-70.09003136442382,-61.442377571335534,-55.16276041712699,-68.61992360442723
-51.53882942840096,-70.17253112831553,-60.80138629116675,-54.31295488100211,-68.94324667060386
-51.18272934654594,-70.25362190427403,-60.1837589792205,-53.39763408695219,-69.37652967146482
-51.51101114521048,-69.64443917474321,-59.20010340256814,-53.355536703227486,-69.35548491204563
-53.130646493502,-67.7350088190232,-57.39966099875344,-54.7968161034527,-68.43756769275106
-55.68617556089039,-64.78265671653702,-54.7957183414798,-57.315887680333155,-66.90921935840811
-58.13874923205379,-61.92065881569222,-52.14166660493363,-59.75087114095891,-65.43542351892623
-59.73792533782507,-60.33334137936369,-50.428476040396774,-61.07140150010305,-64.33339794825281
-60.44499162390769,-60.39151926572108,-49.944252370179576,-60.99331050067904,-63.48482099864424
-60.62900169459871,-61.50659968343939,-50.05926762693733,-59.985014092564285,-62.75551940303283
-60.65275618771388,-62.754342912967054,-50.07972827997202,-58.88447289325098,-62.228301928197524
-60.72002408880295,-63.56014838869084,-49.89987371030105,-58.4399504416258,-62.09009739762298
-60.92332475320374,-63.83663232418409,-49.590120302700136,-58.96474986807179,-62.42854321865719
-61.29269926011917,-63.72046184739319,-49.00196888549941,-60.2393018657472,-63.07330132353581
-61.80328484101017,-63.32098384201031,-48.302230646042986,-61.722891608401,-63.50417799884854
-62.45460016202834,-62.59095532634515,-48.31826732079994,-62.99998128876614,-62.95486123476157
-63.37376689110602,-61.33246499780987,-49.68906680727433,-64.10918660271652,-60.8366106254986
-64.67560922586017,-59.484797521137025,-52.00652543414055,-65.3416149428177,-57.34049381483873
-66.14304839426386,-57.499532311407535,-54.29656187248773,-66.68097157828248,-53.6383787591692
-67.32593688948324,-56.13046653876826,-56.06518030862787,-67.7390659187791,-51.13041798439325
-68.12331286110579,-55.62908489633149,-57.491294747344604,-68.39015720799325,-50.19923016436363
-68.87448389970858,-55.518555080895936,-58.822669097282514,-68.97987719602517,-50.04910273967971
-69.57540041173418,-55.47354490961557,-59.934993572332424,-69.54323533401481,-50.07075804129329
-69.4772482919537,-55.954619674927855,-60.47701986590985,-69.34080458537173,-50.7726201395832
-67.9546215797629,-57.50842019589944,-60.303113401576134,-67.72545902061619,-52.853757131473316
-65.427518298412,-59.84067748391442,-59.661512042892205,-65.106936317389,-55.937191964699366
-62.988056441918594,-62.04463008000234,-58.97540345474973,-62.591388292190864,-58.84225488507293
-61.373516149948664,-63.494844821817864,-58.50939444030325,-60.92855884331425,-60.75230451671067
-56.49098420450768,-70.64431873431926,-65.92804335426072,-53.75856194910253,-68.01580626356943
-55.399739254485546,-71.761111879237,-67.17575054416466,-52.81372707118018,-69.19386067128758
-54.532061909459685,-71.64134119582583,-66.63669515687063,-53.26778235759984,-69.30760016433963
-53.58301315298162,-70.81297831748189,-64.96775633712913,-54.58751198480264,-68.86165464966102
-52.505283293058575,-70.05081370732428,-63.26576130496774,-55.82891950847585,-68.49785704710033
-51.691764698202434,-69.66817103558851,-62.04685115742708,-56.407116685473035,-68.37222158970775
-51.33368141189413,-69.63538072887357,-61.21066676062945,-56.209345913648,-68.41482801856799
-51.096163497742985,-69.90052780192367,-60.56442197666555,-55.412341593330254,-68.69262105093676
-50.847323374758446,-70.16114509555449,-59.94032208485234,-54.56201123764861,-69.08706625487723
-51.19091397509885,-69.6729497142138,-58.99169226776626,-54.51559243008488,-69.03485637359155
-52.71595816637692,-67.8220931956603,-57.30425320661329,-55.81650119985584,-68.0946947988909
-55.08263716685893,-64.89141936627021,-54.87462766274693,-58.10788446470055,-66.54463634346533
-57.32333358818826,-62.02899132894443,-52.38506597855548,-60.33978827878877,-65.05870360490768
-58.791641081935474,-60.40739742100279,-50.738827168073804,-61.549276161183855,-64.00141731433627
-59.489526377576844,-60.378027596393665,-50.18688666896756,-61.45613501677838,-63.29746515750776
-59.73040074746078,-61.357907852263246,-50.142712380700075,-60.503555664925784,-62.79146461608404
-59.811389669794664,-62.46413880132046,-50.01677379581537,-59.47646201245863,-62.473309868612176
-59.94520103575191,-63.169996688529174,-49.80947115750488,-59.04094261068357,-62.42279957096617
-60.26073281513811,-63.39961150499488,-49.64560615081966,-59.459371624868254,-62.683617888009316
-60.775215582596466,-63.26082213634246,-49.342651561950916,-60.54640956166602,-63.14098896090987
-61.42097157748252,-62.84953388157313,-48.94944517684393,-61.85193193384377,-63.408298562460544
-62.18785220787293,-62.150920417598016,-49.164693222010236,-63.032819623606436,-62.86352330400593
-63.227731860990055,-61.000424068937484,-50.58779447345975,-64.14450233027702,-61.00285064944166
-64.65998164478417,-59.31632520954555,-52.87549314508665,-65.44806244913599,-57.968336649093835
-66.22427561766015,-57.47364713433371,-55.11044743371122,-66.86979456296358,-54.738832801301164
-67.4014866662791,-56.14755330370248,-56.76580018756436,-67.96395895845926,-52.47812603563637
-68.04689671516815,-55.555068725554534,-57.95776817399098,-68.57968408731716,-51.47130316580596
-68.52871051777552,-55.25035936210443,-58.956496152584094,-69.0841748150311,-51.0381828053223
-68.95859333540731,-55.00385477598263,-59.75406366870165,-69.55917988966308,-50.759269827927625
-68.73023343760002,-55.387526502493074,-60.11867177829683,-69.30232154836834,-51.23860225459551
-67.27972001830604,-56.99667225548873,-59.936825773888174,-67.67281843724223,-53.16283457746247
-64.95961074380104,-59.48602960674641,-59.39706428501161,-65.06619527641458,-56.12372737641502
-62.73684520527098,-61.85419542964588,-58.83142294916001,-62.5686108502928,-58.9370055608866
-61.268676103810826,-63.4154031903966,-58.449103557859196,-60.91893288926899,-60.79102919654178
-54.10306971840326,-70.3658253083127,-64.96795542545574,-55.00307912664848,-68.73811627872028
-52.629937520826545,-71.38236848608096,-66.06757738342822,-54.266783171625555,-70.00032063726688
-51.93455294939168,-71.1554676660716,-65.60986404329134,-54.654044971048265,-69.98971686964872
-51.51256916828653,-70.1967576697138,-64.16917907379153,-55.74075976714429,-69.27191118912936
-50.98555173557953,-69.31345595783985,-62.6976701039439,-56.7621418943482,-68.61876982423325
-50.60264933753173,-68.90925297425852,-61.6327126442332,-57.229617841070876,-68.26964674085887
-50.60184979461974,-69.01619005128092,-60.87852363335297,-57.0399149054506,-68.14637074597393
-50.687073839540844,-69.54198098911897,-60.27230791214174,-56.34933993139625,-68.27225098208595
-50.664708263914775,-70.08546510790471,-59.68768503224987,-55.6351636957038,-68.52146649407985
-51.03427541607195,-69.85043249150692,-58.84162428185639,-55.63351399358229,-68.36343903150099
-52.32433596659454,-68.25142276237179,-57.37882506294441,-56.81587065794957,-67.36694032447315
-54.24157032501976,-65.60163774383864,-55.282282084297364,-58.886638021756006,-65.77914549105603
-56.00103712577025,-62.97927979947444,-53.10975201579504,-60.92979456423794,-64.27574169795932
-57.181078247214174,-61.39780187334619,-51.59553541023432,-62.077568319105595,-63.299849773015225
-57.867823530604504,-61.105207970619304,-50.91119318580908,-62.07904723024228,-62.854511134727396
-58.25841225153447,-61.5973569517884,-50.560590690925785,-61.3468086358922,-62.74369161521774
-58.503614099217295,-62.20862039304396,-50.15287544598843,-60.54846772388757,-62.79092656070476
-58.800768623968864,-62.604887630070614,-49.87345063527433,-60.16985013258155,-62.89066040803256
-59.33577532957809,-62.75294062916114,-49.93045254091223,-60.368826359381245,-63.00989583072791
-60.11813482628758,-62.671137443760905,-50.080781844145825,-61.04193460314243,-63.127966787354275
-61.015349646502884,-62.35323223041711,-50.1686197398274,-61.947939703055575,-63.08432957184039
-61.99339055996168,-61.75837031024406,-50.64918234582996,-62.92177128132951,-62.50905752017093
-63.23901581142375,-60.746478356219825,-52.025444863508326,-64.07173998131076,-61.034819657708
-64.88915189832478,-59.22816850245247,-54.065268692412054,-65.58211444360983,-58.71709376835903
-66.61866373496996,-57.51564146259719,-56.01472319547135,-67.23009944277977,-56.22158481160024
-67.78375925921233,-56.20011663725176,-57.38299763941539,-68.42364112117426,-54.3515104440589
-68.15392229684772,-55.44970019304479,-58.22213959014008,-68.95068937782281,-53.252421723828455
-68.15425315435463,-54.853769702156654,-58.79106362044575,-69.23351822798081,-52.41538906329569
-68.10288326277993,-54.31204473063544,-59.19417340995561,-69.4774692367601,-51.70245483907945
-67.63032323765948,-54.55445634710521,-59.35723934841778,-69.08358607166443,-51.86261022123044
-66.26672642651972,-56.24541329855793,-59.223844896261305,-67.43891416085555,-53.56882267724445
-64.25268592766808,-58.96557629651756,-58.897382205167176,-64.89498870538331,-56.36612221864717
-62.35631302515114,-61.57485337461706,-58.561822124403854,-62.474938317457344,-59.05960714679178
-61.10972806441098,-63.29881736851231,-58.336340458637835,-60.87957106621092,-60.841011597422
-51.57730974326243,-70.20125290979678,-64.14404831586212,-56.25546649668897,-69.63912749221164
-49.6965998729967,-71.13624527372762,-65.12430296354715,-55.71988110783576,-71.02564782929036
-49.174716699702415,-70.79573587227961,-64.75387498536384,-56.018730958707785,-70.9044940705858
-49.295797917366194,-69.6840782221191,-63.53662932451518,-56.83751523657654,-69.91673392033097
-49.33252342892705,-68.65695495207872,-62.291969226193984,-57.59980174238386,-68.9783283364798
-49.38189376936678,-68.21538237858013,-61.38087768209662,-57.923165586830535,-68.4071431154255
-49.727418396127554,-68.45201691668366,-60.707824930312974,-57.71434283848317,-68.110872716419
-50.11116917717855,-69.23259744402,-60.14371414985919,-57.10190884996793,-68.07480919184925
-50.286633855168255,-70.05777613074154,-59.60029022609897,-56.49976831323142,-68.17273743914211
-50.66966089249533,-70.07889201634678,-58.84337474080759,-56.54693791028517,-67.89746184683375
-51.738080324774856,-68.73860231695544,-57.56239538862335,-57.66095855451384,-66.81662869348521
-53.2362730546278,-66.38028909814354,-55.7319254394832,-59.59634637518651,-65.15212010905361
-54.54519074207799,-64.00604729164854,-53.80990874998846,-61.53765172013528,-63.59522878325222
-55.46661944582533,-62.4559895878514,-52.38111973096421,-62.68478529289534,-62.67649071937845
-56.1776145081746,-61.86321635577935,-51.53993703739307,-62.813612345707135,-62.471622464195356
-56.761069017745896,-61.807738079431566,-50.86828943165233,-62.32102063655788,-62.74299295197144
-57.213174069312686,-61.863258990474975,-50.16623238927848,-61.76509629182925,-63.14635128601226
-57.70916412473211,-61.910920272733605,-49.805175093757164,-61.44595156471672,-63.390648945680915
-58.49464350674499,-61.96625010011983,-50.07925031541621,-61.411131649845984,-63.3646113498486
-59.57820384359374,-61.94351472722589,-50.68006527554127,-61.64649700805783,-63.139580713743975
-60.75831893001316,-61.71590987951518,-51.24542569389191,-62.13530662064102,-62.77922498225892
-61.962601777053635,-61.205438455947885,-51.996561701255935,-62.906730266487024,-62.15701355727585
-63.40402868130712,-60.28685739732607,-53.34827574864517,-64.12748325710805,-61.035053746972594
-65.24893638684719,-58.86237522337501,-55.176310268521064,-65.90464781091974,-59.382349278563574
-67.12639090721692,-57.20059112564194,-56.877221739900065,-67.84445033206596,-57.567528981572295
-68.28211167353732,-55.84547902374511,-57.99221419942027,-69.17961227926801,-56.05426196520768
-68.4071886020305,-54.93226306051744,-58.514076733167954,-69.6243797543269,-54.85465546377975
-67.9801129568542,-54.06400773524793,-58.693918767125005,-69.67338917640693,-53.62004827440558
-67.50284588679017,-53.24729785606843,-58.74121246978292,-69.67200736109336,-52.4812048102186
-66.80604462818809,-53.381555471584484,-58.71836084482365,-69.11725526584611,-52.33665016454144
-65.49234931525477,-55.2210499152285,-58.6203635088346,-67.40787699584256,-53.85420931998378
-63.708657270153985,-58.26425496081237,-58.472260549744426,-64.8583238464241,-56.528685635949884
-62.06280233842611,-61.199935212508535,-58.33230707049079,-62.452257845054966,-59.139957745532755
-60.98700956156141,-63.14261314440792,-58.24035345491136,-60.86965463657813,-60.87349757219961
-50.02416501948498,-69.82523245232326,-63.630319720671885,-57.31112783790086,-70.24011383651782
-47.91493447921303,-70.65962960246976,-64.55326062431911,-56.95741929594057,-71.72337960214705
-47.55007077783016,-70.25340494525086,-64.2768445652383,-57.21109861466987,-71.56037705986257
-48.08029869034869,-69.08262253958821,-63.260243519923925,-57.847969163310914,-70.44222765074728
-48.533556055527015,-67.99673317498943,-62.22442613107984,-58.433016893745815,-69.36690252429796
-48.86669629735147,-67.5400119066162,-61.46009693276116,-58.64668563712273,-68.68668914448634
-49.36444846590159,-67.84047597405907,-60.86820955028198,-58.38916614852192,-68.2954086485579
-49.814077237547636,-68.7391460703422,-60.35449303160564,-57.7787631595363,-68.16624363254688
-49.992012523239666,-69.69461487172522,-59.85869634745529,-57.20926649370333,-68.18172728357115
-50.31136971860088,-69.86670674336294,-59.15563541928598,-57.2667109933397,-67.84444789307416
-51.23130997818511,-68.74183355273166,-57.94347133183669,-58.33437212390759,-66.71673340129549
-52.4994890885818,-66.66121131757495,-56.205913868475704,-60.1973437221976,-65.01137718771531
-53.570754649426824,-64.53035635306344,-54.37245616756788,-62.09786205245105,-63.43105637852569
-54.37571289793536,-63.04151993876883,-52.95825605737076,-63.2709106021788,-62.54197642048401
-55.15543984166772,-62.24646751073879,-52.01199454006738,-63.508290144182716,-62.451154457626174
-55.92737243067569,-61.78914272591909,-51.15507111611943,-63.203241246872324,-62.90383086123023
-56.57842000246498,-61.422013625722954,-50.290973577295816,-62.83865902830561,-63.47733331068036
-57.24998851994447,-61.1899704071458,-49.88987693597146,-62.57004509849388,-63.78009956481867
-58.22142907869787,-61.14391040557706,-50.291071485760796,-62.357117181899945,-63.652482909183675
-59.5123378103295,-61.11387843195742,-51.154143653339986,-62.25802625428203,-63.217823041958674
-60.87399480248,-60.88908739956025,-52.005801374706536,-62.430702069739716,-62.67411908316872
-62.17030779452231,-60.38293104881245,-52.9362039536492,-63.04248704807427,-62.042586495257005
-63.59450012333096,-59.48497127474387,-54.31422239638523,-64.29687900600521,-61.167949972269234
-65.34646332557341,-58.074681711942404,-56.082211075367645,-66.24722626649194,-59.97041122407272
-67.11468911461002,-56.39434041941554,-57.709938261557696,-68.38466144018011,-58.629482530020425
-68.18188156822298,-55.00003624771044,-58.727313503293566,-69.81811982836862,-57.38633737731715
-68.23832677558096,-54.03857058930478,-59.081652059550635,-70.20909802113921,-56.170809657608054
-67.74650666520353,-53.09569197537654,-59.03796550370561,-70.10337529686628,-54.74399733820127
-67.2133873517992,-52.198494910055466,-58.87939100377942,-69.94076524478764,-53.39387431157867
-66.50004833420506,-52.34086706549223,-58.72710197307923,-69.2726939042391,-53.068131811608126
-65.22950946051007,-54.350322832555726,-58.58042405964353,-67.49653655207054,-54.401403965248235
-63.52982324495572,-57.677840668989845,-58.43279823637517,-64.90698261988133,-56.87977474318494
-61.96742285571703,-60.888446254483796,-58.30898149061519,-62.47592013360119,-59.32303849097599
-60.94731721321125,-63.01311641746308,-58.23023022322526,-60.87914898916495,-60.949051410141784
-49.880535184618665,-68.88468925198056,-63.304187888034704,-58.35336828180019,-70.27370381280676
-47.82056994724659,-69.541150919019,-64.22086727297865,-58.20477605681609,-71.78606371723403
-47.63028277655667,-69.13913227797401,-64.07331277879989,-58.471260325606494,-71.675108120338
-48.43962618510551,-68.07272081789023,-63.29241129107883,-59.01529582960732,-70.63362723964075
-49.163289093463696,-67.07670691531713,-62.50776585135745,-59.50955757351522,-69.639399978765
-49.60936812733883,-66.65158617005154,-61.929399636016925,-59.64881223162982,-69.01219447812585
-49.99168718249864,-66.92648748974632,-61.44964310179739,-59.30288739861105,-68.63482452947629
-50.16636572374332,-67.74355696245732,-61.02143717111978,-58.60312083873419,-68.502785637429
-50.05508252733999,-68.60803497497207,-60.60441700938623,-57.972517688258925,-68.52433284246459
-50.17671346255042,-68.79985779399885,-59.93355916583818,-57.981765422747095,-68.207113557354
-51.00333011730519,-67.89394481637264,-58.67611702741239,-58.985510665898886,-67.11421387205002
-52.23767325128596,-66.17440816752706,-56.8507433046437,-60.78205032230832,-65.46527570937776
-53.306335786675994,-64.37786717176417,-54.944237029212694,-62.65217130881213,-63.94851461800297
-54.156480334932006,-63.04651152335919,-53.4884276261983,-63.84936375660017,-63.08349561406394
-55.06038624359623,-62.18242111371885,-52.52181123434313,-64.17352279493463,-62.947864325511624
-56.02340916481727,-61.48748749773992,-51.66895328452737,-64.0189524345848,-63.31211835278944
-56.874860768458284,-60.83711054346647,-50.832208553162566,-63.81333224682837,-63.80104303037725
-57.69825099421453,-60.38778356351575,-50.457601996700426,-63.59732431163707,-64.03955214418295
-58.766521798878095,-60.209219319206724,-50.86987290098082,-63.26148753484097,-63.85866526277891
-60.12760728975157,-60.06904885562876,-51.74926561115785,-62.92262782479263,-63.38204190982763
-61.51404605781045,-59.72057685973471,-52.642253938526885,-62.86429037435967,-62.8310164049173
-62.685906760443345,-59.116213798722804,-53.63011314090933,-63.33086837102274,-62.264906099276615
-63.73514514030488,-58.16900494461764,-55.079483791532674,-64.53032907946563,-61.564900126572994
-64.90641995677882,-56.712161791540964,-56.95344125503715,-66.4851543981626,-60.64970892087549
-66.1162155599942,-54.969318538641154,-58.70893900279562,-68.64904582104776,-59.62248393628221
-66.92934580905361,-53.57709897094459,-59.80966589647004,-70.09011471833082,-58.617971728529064
-67.15844283478906,-52.753617362278774,-60.165992518651315,-70.44761722301156,-57.54082986943976
-67.13133063964041,-52.03483491690355,-60.087354173405885,-70.28007319849046,-56.221952195914476
-67.08442327396264,-51.34776478655871,-59.8957873218542,-70.05700742774468,-54.966379250135674
-66.6756984954435,-51.66204211362737,-59.66780069302367,-69.34622145724474,-54.60936990474961
-65.48930188738028,-53.843320496785736,-59.342435414319716,-67.54254165138235,-55.68338951488648
-63.734930809740675,-57.352652065841326,-58.93926200670028,-64.93383970699088,-57.741204431110894
-62.08243378565284,-60.718932292825784,-58.57660140648446,-62.48935365550061,-59.780181386402106
-60.99606598638275,-62.94316381987329,-58.341282790525426,-60.88460395619699,-61.13903680067765
-50.51336246490051,-67.52835802157762,-63.158595336505215,-59.473060800252306,-70.05900933319785
-48.66308663520804,-67.9460801556986,-64.1186118866271,-59.56461177563037,-71.58246504460325
-48.67471507542055,-67.58972619387725,-64.13511852706009,-59.89088055718418,-71.59127462712544
-49.71718330677964,-66.73353230588992,-63.62512209496826,-60.404111525169945,-70.75874585923594
-50.65238861644079,-65.92245719358677,-63.13434732580733,-60.867656777090446,-69.98633626339868
-51.11368327777748,-65.55710575129416,-62.77843798214875,-60.95238570043626,-69.51821095277919
-51.19104864542,-65.74770837899237,-62.4359489138786,-60.4759105462655,-69.22478873800492
-50.83052890709405,-66.35171208050728,-62.11868960255377,-59.60267853295732,-69.14985702771835
-50.197756882400505,-66.97809965967544,-61.802430509194735,-58.82995599894918,-69.23952096701133
-50.011209911139964,-67.10465002710308,-61.14096961409372,-58.74582761695861,-68.99569688657446
-50.78550694923091,-66.42767367743726,-59.73404814937991,-59.6817338011475,-67.97925055238147
-52.13862413143978,-65.13421832774898,-57.65719602938126,-61.43856795290791,-66.43200547614003
-53.38473227100549,-63.73823375541676,-55.52723226703832,-63.312629952277355,-65.01999353035639
-54.41119838036714,-62.62349486561771,-53.961954882166,-64.55435707838845,-64.16314405575402
-55.50370933829171,-61.76165986220504,-53.01533324314248,-64.96438805042659,-63.866799293787736
-56.69521166414704,-60.90658461281855,-52.28251536342766,-64.94726869605792,-63.95440620617872
-57.78378217699648,-60.02881524290337,-51.5919980723295,-64.89114184351888,-64.18321059185419
-58.7723040170722,-59.375061886642726,-51.286196874569896,-64.73102597756794,-64.27046715516077
-59.903900219483866,-59.025745666900924,-51.63832760236558,-64.291732305101,-64.06060315901402
-61.27125301628469,-58.690258491906675,-52.382123344430276,-63.74735259284905,-63.64437964168726
-62.601609599865014,-58.111928848285004,-53.16816524783831,-63.49094699601005,-63.19715618516782
-63.5063157899234,-57.31822037988093,-54.15328006723095,-63.81563811520064,-62.74546386650872
-63.91398093299332,-56.25319518441976,-55.73740102864132,-64.91267648023852,-62.17740411743623
-64.12756535361763,-54.679420868325636,-57.87485431901976,-66.78952775176057,-61.44124901027921
-64.43223076954847,-52.809156829910535,-59.94013493446985,-68.90096407519411,-60.63493196739783
-64.86495366618084,-51.42463777635484,-61.275675351104425,-70.31203557803317,-59.856089389343666
-65.45401951571607,-50.8677156343421,-61.756229155255745,-70.6525972087874,-59.019926037812155
-66.30316557366514,-50.589029979503806,-61.76549175320325,-70.47807754939507,-58.00281336383716
-67.16523138275934,-50.32173735135048,-61.65151195763627,-70.25398656432712,-57.0401978278306
-67.30668810283956,-50.943187264814945,-61.37236364508568,-69.53257713102995,-56.74491142594408
-66.22189011798086,-53.35253786968809,-60.754223849986566,-67.69524858548888,-57.4985730054698
-64.28278164957158,-57.051547980786346,-59.886247388710274,-65.03579977673634,-58.971177969030826
-62.38444571958171,-60.5649004089058,-59.078905745282924,-62.543352461163515,-60.43507851573584
-61.12329416818648,-62.880043439040406,-58.549959335034075,-60.90701816832953,-61.41150060991262
-51.22217575290081,-66.26094815006864,-63.13541540909097,-60.4521668345367,-69.86327515074609
-49.58772307569149,-66.45827825321558,-64.15681797059187,-60.76122488282783,-71.40337180901446
-49.78067379204351,-66.15139020505198,-64.32481027702993,-61.156466553198364,-71.53647949838407
-51.01613160068547,-65.50144141657718,-64.05352769671414,-61.6681270246016,-70.91804300395015
-52.120709696178416,-64.87232881849879,-63.82297324733441,-62.128813212313055,-70.37434392768175
-52.56731579936894,-64.56413755690332,-63.666167497745924,-62.174249084777735,-70.07232148122675
-52.323372592875074,-64.6653026572794,-63.44571750125252,-61.56847474277925,-69.87094360461313
-51.418586813110906,-65.04977472600537,-63.228956767473605,-60.51264341624125,-69.86337675003921
-50.25971329311566,-65.43077746275509,-63.00327676932122,-59.585690186431435,-70.0322280464897
-49.772195685255426,-65.47508033835791,-62.33704682345762,-59.40612938670476,-69.86627068983013
-50.521820572146105,-64.99097384133039,-60.75638967177126,-60.29122145340914,-68.91991949436928
-52.03768897179416,-64.07126688833368,-58.393838666863154,-62.037416907467716,-67.46120325814323
-53.504049171395,-63.0268391709773,-56.0058545856822,-63.94171957678064,-66.13963185980919
-54.73226079756335,-62.10698114443273,-54.31203812636161,-65.23908756424903,-65.27749703539988
-56.0161919959918,-61.262497156693,-53.38712854115942,-65.72521717516534,-64.8034717176865
-57.42565357380929,-60.28837547815041,-52.788438795034466,-65.82133595296537,-64.59468732333667
-58.737528707679274,-59.22752365276509,-52.2553446483181,-65.8892140195545,-64.5464440538582
-59.8801597205945,-58.39774794684349,-52.01942678195875,-65.77656699858017,-64.47715364311868
-61.064456350110696,-57.887236026116256,-52.30006285107823,-65.25142951811938,-64.24865056143078
-62.42857414539773,-57.35412543875854,-52.88520361160638,-64.53813975612749,-63.91339178886616
-63.69582695501711,-56.53989527849416,-53.538865223633046,-64.12108288114152,-63.587124135509995
-64.33401780503753,-55.54817212842163,-54.510197456112394,-64.32800946833208,-63.24511228450096
-64.11049990866275,-54.351079069644655,-56.243906508744836,-65.332014376544,-62.77114894101387
-63.385939495422534,-52.64146106374762,-58.67554543306261,-67.13150328270156,-62.148241894009594
-62.807513693819224,-50.62526797608765,-61.08222424794601,-69.19063419395732,-61.49352517020532
-62.87792708252918,-49.23756986367977,-62.679192276963235,-70.57588816211508,-60.89651756605695
-63.84051034545668,-48.94497607438058,-63.30944502225245,-70.91009482094135,-60.292267018098954
-65.57891973016632,-49.10993187221072,-63.43359616070089,-70.74596825415342,-59.58729187435418
-67.36139987907447,-49.266827261869466,-63.42092929806806,-70.53842033539618,-58.93074442602446
-68.05377110861673,-50.20001668662453,-63.103495408368744,-69.81233217804446,-58.71571227124928
-67.05208733549259,-52.84289014492845,-62.19310932599055,-67.92838419463992,-59.1823540996851
-64.8966721514218,-56.73817416271162,-60.852610449283574,-65.19256224896152,-60.114473701260046
-62.721538858561004,-60.40437760634583,-59.591719497573266,-62.62660641443448,-61.04421957003878
-61.265118019918354,-62.81426716325878,-58.76306271836158,-60.9416237039118,-61.665034362021764
-52.15828013182589,-65.41201495693859,-62.86719945950741,-60.983983464026046,-69.3209586370216
-50.744543425888885,-65.46812473656182,-63.872372413314174,-61.40420630912441,-70.78725161193898
-51.03367948190033,-65.20854783665763,-64.12081435157396,-61.82075075124151,-70.98902680618772
-52.31208922926074,-64.71868799257724,-64.00391855123905,-62.30808346397984,-70.53495930110027
-53.451919464945895,-64.23383903204517,-63.938696962749134,-62.74588401550785,-70.16050541271079
-53.860553325836584,-63.97685419474291,-63.90701420477514,-62.76743481446585,-69.9767921057746
-53.43298682265317,-64.01735055408669,-63.77060454649819,-62.117058347428035,-69.84328022515251
-52.24719060883063,-64.24696535543237,-63.62467526260205,-61.00725996942266,-69.8785682595785
-50.832904406399734,-64.4573650149115,-63.46471733430466,-60.036147727186254,-70.08767988089315
-50.191502636451055,-64.44680716049028,-62.82983463343883,-59.80854288443707,-69.97874724090381
-50.88906363206169,-64.10051560973584,-61.227505977740485,-60.61664074961028,-69.12574586220478
-52.42681228972606,-63.44964839754592,-58.81674798312189,-62.26480722373191,-67.7987484222108
-53.95241388177064,-62.66796904718482,-56.39896072492753,-64.0868264397521,-66.6026830456999
-55.23907239012588,-61.91314005856485,-54.71735007405064,-65.34785709773237,-65.78269098224146
-56.56853497188024,-61.12802999905629,-53.857066859273694,-65.85212178789406,-65.22462399861845
-58.03051330622657,-60.14182981144619,-53.37436157386216,-66.00734791359673,-64.84493967909883
-59.403528589420965,-59.035120071284176,-52.967579525794584,-66.142916385701,-64.62902107498583
-60.57456250913657,-58.14892822920462,-52.78716047250925,-66.06389141409048,-64.46804634939726
-61.724207505732856,-57.57038402087247,-53.007321055944736,-65.51835663348757,-64.242428956237
-63.009479468894895,-56.94688620652638,-53.460909759686515,-64.74755599659963,-63.97798129743596
-64.16774439827293,-56.03369630045165,-53.99423606537505,-64.26215723736263,-63.74525778432731
-64.60974662659358,-54.975498632764115,-54.90238690388494,-64.3901962338396,-63.48778501395166
-64.01814483432439,-53.762134501064786,-56.63319644946007,-65.28403042432737,-63.090955641524424
-62.769227843319406,-52.061477641369635,-59.114102430235306,-66.93777413144643,-62.56082050187631
-61.691553858527584,-50.06536315228896,-61.599773040528284,-68.85194845787362,-62.02321820141355
-61.54156593270134,-48.750117980556816,-63.27095362436622,-70.14590525035443,-61.562514865574
-62.67933284105401,-48.63355982745883,-63.96112770792041,-70.45964562742716,-61.130193852336916
-64.86199394245982,-49.0580217759081,-64.15200424706886,-70.31360322899997,-60.654493969602704
-67.10501844593868,-49.4635998747699,-64.20480022038193,-70.1300960206225,-60.22127244716648
-68.09296265392597,-50.5348138617909,-63.88369508116907,-69.44191606380502,-60.069695505718784
-67.19357910892103,-53.17432467235329,-62.84659493273083,-67.6315869210954,-60.34191106800934
-65.02106370842955,-56.97508483582716,-61.29297304054535,-64.99614954789163,-60.902551477984915
-62.79344679782842,-60.53301867155807,-59.82568086713854,-62.52296664714744,-61.464369471497896
-61.2959252286513,-62.86814525169495,-58.860342101618336,-60.898654141792036,-61.83988666771188
-53.7987243828387,-64.95919279690119,-62.017517873684014,-60.978230659997685,-67.96383514562487
-52.693653405380104,-64.9547454085691,-62.855618448847785,-61.37133006910439,-69.1676855820366
-52.971101973706226,-64.75435273671924,-63.09353537236628,-61.728926640571345,-69.36233114560018
-54.0592134746623,-64.40185486828761,-63.051486697384235,-62.12945320959641,-69.04168602414217
-55.02821674125861,-64.04775938740376,-63.056644184815475,-62.4892059177446,-68.78959909061345
-55.35658604776763,-63.850681268900274,-63.075902022263605,-62.49879511468933,-68.67904268640714
-54.93007961058301,-63.862589668437835,-62.99167952031662,-61.93647176242997,-68.59207313428158
-53.8312637565449,-63.99823786644794,-62.89524803939678,-60.98487547744199,-68.63763086389335
-52.55012786218618,-64.11191136871498,-62.78486986685473,-60.15319329545333,-68.82820019469621
-51.95520305868506,-64.08266362856958,-62.263318947190456,-59.94445152480299,-68.75770649900541
-52.52231083137154,-63.84195208728099,-60.909826473323214,-60.59477405054149,-68.07597756932506
-53.82194411170798,-63.393342090090435,-58.86791538194795,-61.94290832412082,-67.01018387280395
-55.12505042047061,-62.83276290760112,-56.826649735307925,-63.44251848752844,-66.05189223748866
-56.227125055548875,-62.25944143710958,-55.419427506608,-64.48804396783098,-65.37881482842013
-57.35991996183504,-61.622483919035865,-54.72080978550832,-64.91768956426519,-64.8792101944535
-58.6063140525168,-60.79094895738293,-54.35856040206566,-65.06956754686254,-64.497338938167
-59.78092315648705,-59.84603502610903,-54.0637735083006,-65.20751187668611,-64.25422026821192
-60.77413689927789,-59.08183608659756,-53.9326263286342,-65.15334230874782,-64.08525728748933
-61.726260302585395,-58.57143648904466,-54.09509357273329,-64.68831691902025,-63.89712458311668
-62.77613227187905,-58.01471046986687,-54.426876619713006,-64.02091453801259,-63.70149197833753
-63.70832260844783,-57.21185156784271,-54.830176875169755,-63.58893333976216,-63.540899909934794
-64.00717255829845,-56.298860978009344,-55.568979209256426,-63.6679124618778,-63.355773432437196
-63.37562957136027,-55.27418295496871,-57.021194161539775,-64.37786311035451,-63.0502699013675
-62.13450337915293,-53.84941635907345,-59.12217259250271,-65.71251661767441,-62.63810555657697
-61.04714369206614,-52.18060715368929,-61.238311275031215,-67.26606502905966,-62.22861976542061
-60.84070438779873,-51.10319648207527,-62.66897521089528,-68.31879847399219,-61.891117574986794
-61.86005870442336,-51.069746753432696,-63.27071433811118,-68.57499317781713,-61.5913486997686
-63.855868410095155,-51.52183517052978,-63.45612029839444,-68.45917819863716,-61.27635883199328
-65.90839650434613,-51.95384844974309,-63.524922622246415,-68.31432797339824,-60.995153231123
-66.84598259958968,-52.90368196303754,-63.25426852948267,-67.75075896852351,-60.89129546728742
-66.12858729154479,-55.11837398882139,-62.33714388833529,-66.25781449321174,-61.04927894797132
-64.29792878788606,-58.274153953548094,-60.954497333743696,-64.08201942721857,-61.38410139028086
-62.40814501225228,-61.22103722836048,-59.646821614933,-62.03957949694212,-61.72115863817948
-61.13556647778988,-63.15384860349615,-58.786122465865944,-60.698048311944056,-61.94681927161589
-55.983385586269186,-64.73527983555586,-60.74078529134131,-60.62802477724492,-66.00396800869767
-55.25986967168391,-64.7185961612313,-61.30447801577149,-60.90381036811812,-66.80859055505807
-55.45618755795379,-64.58813273588724,-61.47271979681342,-61.147179373549584,-66.94658687211964
-56.193914465745316,-64.36611338567532,-61.45924638748274,-61.41499240779425,-66.7464230730305
-56.850438063188506,-64.14134089028485,-61.478667812072544,-61.65551651565731,-66.59303368683464
-57.067999339490655,-64.01340150050467,-61.50365268244619,-61.65977929478373,-66.53002176525278
-56.76233342678279,-64.01546007026957,-61.455028389097784,-61.2762012821774,-66.47806767234968
-55.99385603822077,-64.0918640399561,-61.39681771453194,-60.629185813670304,-66.51305427796034
-55.10502845491092,-64.1517628779474,-61.328682728605976,-60.06395853614398,-66.64557277944095
-54.688868636785855,-64.12658913889351,-60.979999153437106,-59.918515605572516,-66.60363210233649
-55.06637514899064,-63.97748719643075,-60.06497073788245,-60.34964317192229,-66.15296515932626
-55.94516034085145,-63.70087422702995,-58.683064564049864,-61.24932978516254,-65.44706497327373
-56.83004425572378,-63.34811852856797,-57.30342590616389,-62.25279258372801,-64.81304049609913
-57.57903760222232,-62.97755395022085,-56.35543723398507,-62.954270439396645,-64.36313582804543
-58.347423938632936,-62.55386605139643,-55.89072846087161,-63.245775351710336,-64.01795995568968
-59.19285933516067,-61.99228173269813,-55.65789733813498,-63.35368896594764,-63.7436698122234
-59.99092622323689,-61.35083360486682,-55.471582199109285,-63.453306824538,-63.563097024574354
-60.663380375888224,-60.83020912493137,-55.38860233518357,-63.419905642500666,-63.440252660001285
-61.3020151478321,-60.47941907610517,-55.49213671292417,-63.10452360210524,-63.3136826794088
-62.00208889903715,-60.095239120960386,-55.70293234217213,-62.648995471617695,-63.1889099349517
-62.6200011358674,-59.54419018551707,-55.962745571926526,-62.351337847375916,-63.08983338997522
-62.80240737043877,-58.92197121220479,-56.45497064735228,-62.39705868693377,-62.97321638134292
-62.34068356413286,-58.22933276389288,-57.43384647207495,-62.865100860076396,-62.7744946346131
-61.45269582287805,-57.26929962665923,-58.855874100919245,-63.750838389055,-62.50513353721496
-60.67084991549208,-56.145782103802546,-60.29062657714501,-64.78436829245719,-62.240017693448905
-60.51028219814022,-55.42611269034967,-61.26273544559978,-65.48537892159152,-62.025502494985346
-61.21481732967637,-55.420850735751145,-61.67460383007269,-65.65620930354177,-61.840062062618095
-62.604042212721104,-55.75106616397225,-61.806359707810486,-65.57994748429769,-61.65002349398632
-64.03327966274117,-56.066646895385794,-61.859246504284464,-65.48471164534405,-61.482294642937966
-64.69446236851877,-56.720633498049594,-61.67646933348,-65.10839498758904,-61.41860498541185
-64.22047935178348,-58.2137932495673,-61.045647125150765,-64.10879242343503,-61.50633693514169
-62.9840461293731,-60.332668847535416,-60.092435997045975,-62.651210922820866,-61.696166269832176
-61.704434847646304,-62.30936038311696,-59.1904258226906,-61.28280396000372,-61.88783477322258
-60.84213727743341,-63.60543136016478,-58.59664702455018,-60.383970004502075,-62.016217398179855
