4.4181718826,51.2145500183,0,0,0
4.4138784409,51.2016868591,0,0,0
4.4151835442,51.1994209290,0,0,0
4.4117584229,51.2309112549,0,0,0
4.4447865486,51.2181663513,0,0,0
4.4328250885,51.2067604065,0,0,0
4.4029150009,51.2324180603,0,0,0
4.4240417481,51.2357025146,0,0,0
4.4124732018,51.2182426453,0,0,0
4.4188618660,51.2146072388,0,0,0
4.4153032303,51.2025489807,0,0,0
4.4188466072,51.2147102356,0,0,0
4.4160099030,51.2010803223,0,0,0
4.4100165367,51.2345275879,0,0,0
4.4564199448,51.2126388550,0,0,0
4.4262967110,51.2089195251,0,0,0
4.4050850868,51.2326164246,0,0,0
4.4244484901,51.2359352112,0,0,0
4.4157118797,51.2205047607,0,0,0
4.4110951424,51.2046127319,0,0,0
4.4185714722,51.2152709961,0,0,0
4.4017834663,51.2276306152,0,0,0
4.4189047813,51.2020149231,0,0,0
4.4099631310,51.2344284058,0,0,0
4.4535551071,51.2110519409,0,0,0
4.4267868996,51.2103652954,0,0,0
4.4052481651,51.2321166992,0,0,0
4.4139881134,51.2209739685,0,0,0
4.4095816612,51.2063064575,0,0,0
4.4187235832,51.2155685425,0,0,0
4.4050717354,51.2153472900,0,0,0
4.4237332344,51.2014503479,0,0,0
4.4023499489,51.2297973633,0,0,0
4.4111881256,51.2332382202,0,0,0
4.4452433586,51.2138214111,0,0,0
4.4136881828,51.2296524048,0,0,0
4.4058465958,51.2342529297,0,0,0
4.4099564552,51.2332458496,0,0,0
4.4104847908,51.2141876221,0,0,0
4.4099664688,51.2062034607,0,0,0
4.4178185463,51.2261238098,0,0,0
4.4185647965,51.2156524658,0,0,0
4.4083781242,51.2089729309,0,0,0
4.4237284660,51.2014503479,0,0,0
4.4044919014,51.2189788818,0,0,0
4.4417715073,51.2134284973,0,0,0
4.4091215134,51.2356224060,0,0,0
4.4052467346,51.2311553955,0,0,0
4.4306864739,51.2345390320,0,0,0
4.4129033089,51.2317352295,0,0,0
4.4083218575,51.2123184204,0,0,0
4.4099216461,51.2062301636,0,0,0
4.4185767174,51.2157135010,0,0,0
4.4160451889,51.2275772095,0,0,0
4.4111666679,51.2045555115,0,0,0
4.4237217903,51.2014503479,0,0,0
4.3992600441,51.2176399231,0,0,0
4.4019932747,51.2298507690,0,0,0
4.4091949463,51.2327232361,0,0,0
4.4375281334,51.2293930054,0,0,0
4.4128117561,51.2344589233,0,0,0
4.4399085045,51.2101821899,0,0,0
4.4181351662,51.2144088745,0,0,0
4.4025015831,51.2015190125,0,0,0
4.4397702217,51.2251815796,0,0,0
4.4169850349,51.1996459961,0,0,0
4.4237265587,51.2014503479,0,0,0
4.3918118477,51.2092132568,0,0,0
4.3884167671,51.2094268799,0,0,0
4.4357118607,51.2280235291,0,0,0
4.4128317833,51.2344665527,0,0,0
4.4091982842,51.2131538391,0,0,0
4.4376082420,51.2149620056,0,0,0
4.4103784561,51.2141380310,0,0,0
4.4111948013,51.2311172485,0,0,0
4.4258332253,51.2248649597,0,0,0
4.4026432037,51.2015037537,0,0,0
4.4107098579,51.1962776184,0,0,0
4.4237384796,51.2014617920,0,0,0
4.3951635361,51.2122879028,0,0,0
4.4273467064,51.2325325012,0,0,0
4.4115567207,51.2355194092,0,0,0
4.4303717613,51.2342987061,0,0,0
4.4097318649,51.2267684937,0,0,0
4.4194164276,51.2298240662,0,0,0
4.4026784897,51.2015151978,0,0,0
4.4500699043,51.2230224609,0,0,0
4.4237518311,51.2015151978,0,0,0
4.4026799202,51.2015075684,0,0,0
4.4342999458,51.2089538574,0,0,0
4.4146285057,51.2309989929,0,0,0
4.4237599373,51.2016067505,0,0,0
4.4425897598,51.2063789368,0,0,0
4.4099416733,51.2308959961,0,0,0
4.4283385277,51.2022552490,0,0,0
4.3988232613,51.2020072937,0,0,0
4.4255084992,51.2034721375,0,0,0
4.3990015984,51.2020606995,0,0,0
4.4452185631,51.2295608521,0,0,0
4.4255185127,51.2035140991,0,0,0
4.4232382774,51.2070198059,0,0,0
4.3992767334,51.2021141052,0,0,0
4.4393148422,51.2283554077,0,0,0
4.4013581276,51.2272415161,0,0,0
4.4253334999,51.2032508850,0,0,0
4.4205431938,51.2019615173,0,0,0
4.4023284912,51.2028694153,0,0,0
4.3902401924,51.2054405212,0,0,0
4.4254817963,51.2033615112,0,0,0
4.4175667763,51.2055435181,0,0,0
4.4078917503,51.2124176025,0,0,0
4.3950099945,51.2036705017,0,0,0
4.4255065918,51.2033615112,0,0,0
4.4083666802,51.2089385986,0,0,0
4.4006032944,51.2264747620,0,0,0
4.3951501846,51.2048683167,0,0,0
4.3940033913,51.2035751343,0,0,0
4.4095864296,51.2070236206,0,0,0
4.4104118347,51.2020835876,0,0,0
4.4140834808,51.2002830505,0,0,0
4.4427580833,51.2345046997,0,0,0
4.4018015862,51.2277259827,0,0,0
4.4199614525,51.2022285461,0,0,0
4.3937082291,51.2057533264,0,0,0
4.4162149429,51.2043228149,0,0,0
4.4066534042,51.2209663391,0,0,0
4.4231600761,51.2012100220,0,0,0
4.4007401466,51.2019958496,0,0,0
4.4060816765,51.1969757080,0,0,0
4.4069733620,51.2209548950,0,0,0
4.4169850349,51.2184410095,0,0,0
4.4036684036,51.2071304321,0,0,0
4.3972916603,51.1976928711,0,0,0
4.4071898460,51.2208862305,0,0,0
4.4002819061,51.2050285339,0,0,0
4.4047684670,51.1945953369,0,0,0
4.4053735733,51.2192955017,0,0,0
4.4102182388,51.2051544189,0,0,0
4.4048333168,51.1957664490,0,0,0
4.4083151817,51.2152824402,0,0,0
4.4181966782,51.2018051147,0,0,0
4.4109082222,51.1932563782,0,0,0
4.4082665443,51.2153549194,0,0,0
4.4135298729,51.2008361816,0,0,0
4.4132099152,51.2012519836,0,0,0
4.4020614624,51.2295761108,0,0,0
4.4081997871,51.2156181335,0,0,0
4.4088649750,51.1943244934,0,0,0
4.4128551483,51.2099800110,0,0,0
4.4065032005,51.2280235291,0,0,0
4.4082818031,51.2154655457,0,0,0
4.4090914726,51.1942825317,0,0,0
4.4012017250,51.1966896057,0,0,0
4.4132766724,51.2279281616,0,0,0
4.4064249992,51.2280731201,0,0,0
4.4084448814,51.2152557373,0,0,0
4.4100651741,51.2307510376,0,0,0
4.3902668953,51.1993484497,0,0,0
4.4187731743,51.2215118408,0,0,0
4.4125452042,51.2303390503,0,0,0
4.4085383415,51.2149848938,0,0,0
4.4117751122,51.1939697266,0,0,0
4.3945097923,51.1998176575,0,0,0
4.4198083878,51.2206916809,0,0,0
4.4240550995,51.2355842590,0,0,0
4.4083948135,51.2154884338,0,0,0
4.4143667221,51.2000427246,0,0,0
4.3943667412,51.1997718811,0,0,0
4.4098668098,51.2261886597,0,0,0
4.3943681717,51.2000999451,0,0,0
4.4252638000,51.1875120000,0,0,0
4.4083914757,51.2156448364,0,0,0
4.4056000710,51.1942634583,0,0,0
4.4253484000,51.1875761000,0,0,0
4.4063067436,51.2010421753,0,0,0
4.4081830978,51.2162284851,0,0,0
4.4252055000,51.1868086000,0,0,0
4.4081768990,51.2165718079,0,0,0
4.4255090000,51.1874810000,0,0,0
4.4252479000,51.1867538000,0,0,0
4.3936181068,51.2032661438,0,0,0
4.4053769112,51.2174911499,0,0,0
4.4070348740,51.1989288330,0,0,0
4.4256528000,51.1874606000,0,0,0
4.4252890000,51.1867604000,0,0,0
4.3921332359,51.2042541504,0,0,0
4.4252989000,51.1875814000,0,0,0
4.4080634117,51.2187385559,0,0,0
4.4034833908,51.2073402405,0,0,0
4.4253750000,51.1867997000,0,0,0
4.4043383598,51.1954460144,0,0,0
4.4252085000,51.1876118000,0,0,0
4.4250701000,51.1867146000,0,0,0
4.4008765221,51.2259140015,0,0,0
4.4051399231,51.2208938599,0,0,0
4.4253116000,51.1875306000,0,0,0
4.4511518478,51.2206230164,0,0,0
4.4254614000,51.1869235000,0,0,0
4.4254593000,51.1874715000,0,0,0
4.4252509000,51.1869199000,0,0,0
4.4254380000,51.1875241000,0,0,0
4.4253148000,51.1869412000,0,0,0
4.4253572000,51.1875275000,0,0,0
4.4252814000,51.1869569000,0,0,0
4.4018049240,51.2276840210,0,0,0
4.4047541000,51.1942904000,0,0,0
4.4253226000,51.1869117000,0,0,0
4.4018435478,51.2271652222,0,0,0
4.4004182816,51.1947631836,0,0,0
4.4053535461,51.2199859619,0,0,0
4.4099898338,51.2063217163,0,0,0
4.4035434723,51.2183609009,0,0,0
4.4045982361,51.2190246582,0,0,0
4.4048151970,51.2190933228,0,0,0
4.4049267769,51.2190971375,0,0,0
4.4043898583,51.2198371887,0,0,0
4.4158115387,51.2358779907,0,0,0
4.4016566277,51.2273559570,0,0,0
4.3987250328,51.2203407288,0,0,0
4.4142618179,51.2263107300,0,0,0
4.3982648850,51.2208480835,0,0,0
4.4394965172,51.2272796631,0,0,0
4.3925352097,51.2062339783,0,0,0
4.3406767845,51.2083587646,0,0,0
4.3406600952,51.2083587646,0,0,0
4.4572348595,51.2088470459,0,0,0
4.4042868614,51.2192001343,0,0,0
4.4039702416,51.2189407349,0,0,0
4.3385033608,51.2136344910,0,0,0
4.4095215797,51.2104148865,0,0,0
4.3403534889,51.2205352783,0,0,0
4.4177498817,51.2056732178,0,0,0
4.3792881966,51.2191085815,0,0,0
4.4585914612,51.2097854614,0,0,0
4.4055747986,51.2166175842,0,0,0
4.4370217323,51.2007141113,0,0,0
4.4138531685,51.2242584229,0,0,0
4.4145598412,51.2244834900,0,0,0
4.4105167389,51.2252464294,0,0,0
4.4178981781,51.2176284790,0,0,0
4.4052982330,51.2106132507,0,0,0
4.4190516472,51.2248535156,0,0,0
4.4014983177,51.2110443115,0,0,0
4.4199700356,51.2192573547,0,0,0
4.4017934799,51.2102203369,0,0,0
4.4335951805,51.2248573303,0,0,0
4.4014101028,51.2110443115,0,0,0
4.4394564629,51.2273597717,0,0,0
4.4016499519,51.2136535645,0,0,0
4.4478683472,51.2089500427,0,0,0
4.4012632370,51.2167549133,0,0,0
4.4373698235,51.2149085999,0,0,0
4.4024600983,51.2169036865,0,0,0
4.4197916985,51.2191734314,0,0,0
4.3929400444,51.2132148743,0,0,0
4.4165401459,51.2171936035,0,0,0
4.3951201439,51.2162132263,0,0,0
4.4108901024,51.2115821838,0,0,0
4.3896818161,51.2082366943,0,0,0
4.4043235779,51.2188148499,0,0,0
4.3965950012,51.2163352966,0,0,0
4.4140048027,51.2246246338,0,0,0
4.3939747810,51.2099304199,0,0,0
4.3933167458,51.2157669067,0,0,0
4.4211435318,51.2284812927,0,0,0
4.3934764862,51.2157974243,0,0,0
4.3997001648,51.2251853943,0,0,0
4.3948235512,51.2179298401,0,0,0
4.4115781784,51.2308883667,0,0,0
4.4166283608,51.2172431946,0,0,0
4.3518736000,51.2209700000,0,0,0
4.3879199028,51.2041435242,0,0,0
4.4080033302,51.2271270752,0,0,0
4.4138531685,51.2152519226,0,0,0
4.4041359000,51.1873022000,0,0,0
4.4351615906,51.2337112427,0,0,0
4.4109301567,51.2310256958,0,0,0
4.3973565102,51.2071876526,0,0,0
4.4023332596,51.2270240784,0,0,0
4.4029583931,51.2165489197,0,0,0
4.4496164322,51.2200164795,0,0,0
4.4177365303,51.2206001282,0,0,0
4.4137382507,51.2104759216,0,0,0
4.4130835533,51.2167930603,0,0,0
4.4150948525,51.2199668884,0,0,0
4.4492564201,51.2186164856,0,0,0
4.4115433693,51.2120933533,0,0,0
4.4169368744,51.2132720947,0,0,0
4.4063549042,51.2182464600,0,0,0
4.4442100525,51.2190666199,0,0,0
4.4456033707,51.2114219666,0,0,0
4.4133300781,51.2092361450,0,0,0
4.4045667648,51.2191696167,0,0,0
4.4444732666,51.2176399231,0,0,0
4.4421281815,51.2089080811,0,0,0
4.4158568382,51.2102317810,0,0,0
4.3905382156,51.2027587891,0,0,0
4.4171767235,51.2122116089,0,0,0
4.4233450890,51.2351303101,0,0,0
4.4022583962,51.2246704102,0,0,0
4.4440116882,51.2163314819,0,0,0
4.4232401848,51.2087287903,0,0,0
4.4092202187,51.2333488464,0,0,0
4.4230799675,51.2067108154,0,0,0
4.3920965195,51.2044982910,0,0,0
4.4233584404,51.2350578308,0,0,0
4.4175634384,51.2150993347,0,0,0
4.4081816673,51.2309417725,0,0,0
4.4119348526,51.2309379578,0,0,0
4.4005866051,51.2260437012,0,0,0
4.4416365624,51.2200355530,0,0,0
4.4249415398,51.2171173096,0,0,0
4.3992433548,51.2240028381,0,0,0
4.4084248543,51.2099151611,0,0,0
4.3894014359,51.2040748596,0,0,0
4.4290819168,51.2326126099,0,0,0
4.4203600884,51.2153434753,0,0,0
4.4112048149,51.2311859131,0,0,0
4.4033498764,51.2353324890,0,0,0
4.4192581177,51.2078781128,0,0,0
4.3998150826,51.2240104675,0,0,0
4.4394783974,51.2206153870,0,0,0
4.4112448692,51.2311477661,0,0,0
4.4051733017,51.2266502380,0,0,0
4.4175548554,51.2056083679,0,0,0
4.3876166344,51.2063255310,0,0,0
4.4349050522,51.2284431458,0,0,0
4.4191884995,51.2173881531,0,0,0
4.4401783943,51.2219085693,0,0,0
4.3974847794,51.2213478088,0,0,0
4.4040431976,51.2246398926,0,0,0
4.4210801125,51.2127571106,0,0,0
4.4108715057,51.2273406982,0,0,0
4.4166498184,51.2029647827,0,0,0
4.4091482163,51.2359848022,0,0,0
4.4395318031,51.2271766663,0,0,0
4.4214649200,51.2191200256,0,0,0
4.4047951698,51.2121543884,0,0,0
4.4271268845,51.2035102844,0,0,0
4.4251017571,51.2266273499,0,0,0
4.4032115936,51.2307357788,0,0,0
4.4143714905,51.2262191772,0,0,0
4.4293732643,51.2071685791,0,0,0
4.4227900505,51.2043075562,0,0,0
4.4091548920,51.2349281311,0,0,0
4.4129681587,51.2260131836,0,0,0
4.4140167236,51.2063751221,0,0,0
4.4396214485,51.2289505005,0,0,0
4.4178566933,51.2203674316,0,0,0
4.4067502022,51.2154884338,0,0,0
4.4032316208,51.2306938171,0,0,0
4.4166131020,51.2220230103,0,0,0
4.4284915924,51.2060432434,0,0,0
4.4062933922,51.2016944885,0,0,0
4.4035868645,51.2271270752,0,0,0
4.4264917374,51.2358779907,0,0,0
4.4161181450,51.2159118652,0,0,0
4.4088516235,51.2181625366,0,0,0
4.4032416344,51.2307548523,0,0,0
4.4163985252,51.2220535278,0,0,0
4.4135932922,51.2170295715,0,0,0
4.4234366417,51.2103996277,0,0,0
4.4121365547,51.2005882263,0,0,0
4.4368600845,51.2248344421,0,0,0
4.4015765190,51.2274398804,0,0,0
4.4079465866,51.2090950012,0,0,0
4.4181385040,51.2146377563,0,0,0
4.4153666496,51.2249145508,0,0,0
4.4131283760,51.2183036804,0,0,0
4.4251632690,51.2112464905,0,0,0
4.4118266106,51.2000923157,0,0,0
4.4395251274,51.2191429138,0,0,0
4.4025549889,51.2303085327,0,0,0
4.4189581871,51.2145156860,0,0,0
4.4115734100,51.2291030884,0,0,0
4.4101152420,51.2132148743,0,0,0
4.4255452156,51.2119522095,0,0,0
4.4117617607,51.2000770569,0,0,0
4.4447650909,51.2131614685,0,0,0
4.4030218124,51.2324028015,0,0,0
4.4176931381,51.2106704712,0,0,0
4.4188833237,51.2144851685,0,0,0
4.4116067886,51.2290916443,0,0,0
4.4138751030,51.2177772522,0,0,0
4.4238715172,51.2139816284,0,0,0
4.4236850739,51.2014732361,0,0,0
4.4419631958,51.2120132446,0,0,0
4.4051666260,51.2328605652,0,0,0
4.4029297829,51.2317581177,0,0,0
4.4120883942,51.2082481384,0,0,0
4.4189648628,51.2147216797,0,0,0
4.4053215981,51.2322082520,0,0,0
4.4118118286,51.2299613953,0,0,0
4.4136214256,51.2207870483,0,0,0
4.4227333069,51.2133750916,0,0,0
4.4236965179,51.2014732361,0,0,0
4.4417119026,51.2110061646,0,0,0
4.4055151939,51.2171134949,0,0,0
4.4126048088,51.2071723938,0,0,0
4.4190068245,51.2151451111,0,0,0
4.4393935204,51.2282905579,0,0,0
4.4053883553,51.2320976257,0,0,0
4.4113583565,51.2344322205,0,0,0
4.4089198113,51.2117347717,0,0,0
4.4280614853,51.2164115906,0,0,0
4.4401516914,51.2112617493,0,0,0
4.4237017632,51.2014732361,0,0,0
4.4063367844,51.2152938843,0,0,0
4.4138364792,51.2085380554,0,0,0
4.4188566208,51.2151603699,0,0,0
4.4300231934,51.2300987244,0,0,0
4.4059166908,51.2342376709,0,0,0
4.4083848000,51.2310905457,0,0,0
4.4096584320,51.2333526611,0,0,0
4.4136734009,51.2151794434,0,0,0
4.3406567574,51.2083587646,0,0,0
4.4257650375,51.2146949768,0,0,0
4.4375567436,51.2150154114,0,0,0
4.4237098694,51.2014732361,0,0,0
4.3341584206,51.2108535767,0,0,0
4.4167947769,51.2078208923,0,0,0
4.4186749458,51.2157058716,0,0,0
4.4295415878,51.2315750122,0,0,0
4.4057183266,51.2298431396,0,0,0
4.4046268463,51.2191314697,0,0,0
4.4096565247,51.2334098816,0,0,0
4.4084601402,51.2129211426,0,0,0
4.4272251129,51.2138519287,0,0,0
4.4540200234,51.2111740112,0,0,0
4.4237151146,51.2014808655,0,0,0
4.4200501442,51.2021255493,0,0,0
4.4145698547,51.2067527771,0,0,0
4.4184198380,51.2157630920,0,0,0
4.4260115624,51.2341079712,0,0,0
4.4014434815,51.2187080383,0,0,0
4.4127650261,51.2346000671,0,0,0
4.4126133919,51.2153167725,0,0,0
4.4250597954,51.2107505798,0,0,0
4.4364748001,51.2209320068,0,0,0
4.4237217903,51.2014808655,0,0,0
4.4197382927,51.2192687988,0,0,0
4.4110364914,51.1957893372,0,0,0
4.3780498505,51.2260017395,0,0,0
4.4181151390,51.2217979431,0,0,0
4.4161982536,51.2080116272,0,0,0
4.4127016068,51.2345123291,0,0,0
4.4011449814,51.2178001404,0,0,0
4.4187483788,51.2103691101,0,0,0
4.4237418175,51.2014961243,0,0,0
4.4374184609,51.2148933411,0,0,0
4.4217581749,51.1922340393,0,0,0
4.4091134071,51.2312240601,0,0,0
4.4081716538,51.2095413208,0,0,0
4.4068531990,51.2093620300,0,0,0
4.4127764702,51.2345275879,0,0,0
4.4209165573,51.2123870850,0,0,0
4.4255199432,51.2034149170,0,0,0
4.4191665649,51.2175445557,0,0,0
4.4110116959,51.2117118835,0,0,0
4.4372467995,51.2084007263,0,0,0
4.4113664627,51.2355651855,0,0,0
4.4108633995,51.2299423218,0,0,0
4.4184799194,51.2129516602,0,0,0
4.4255099297,51.2034530640,0,0,0
4.4164400101,51.2171783447,0,0,0
4.4082164764,51.2093925476,0,0,0
4.4106302261,51.2344970703,0,0,0
4.4254164696,51.2097625732,0,0,0
4.4255065918,51.2034835815,0,0,0
4.4163584709,51.2171821594,0,0,0
4.4143080711,51.2070846558,0,0,0
4.4048781395,51.2311286926,0,0,0
4.4345884323,51.2088699341,0,0,0
4.4255666733,51.2034988403,0,0,0
4.4473032951,51.2253341675,0,0,0
4.4134016037,51.2301712036,0,0,0
4.3786468506,51.2276649475,0,0,0
4.4160914421,51.2062911987,0,0,0
4.4091968536,51.2338867188,0,0,0
4.4383549690,51.2051849365,0,0,0
4.4256868362,51.2035446167,0,0,0
4.4227933884,51.2063713074,0,0,0
4.3904614449,51.2255668640,0,0,0
4.4444684982,51.2066612244,0,0,0
4.4256548882,51.2035255432,0,0,0
4.4174599648,51.2055587769,0,0,0
4.4113798142,51.2038230896,0,0,0
4.3778281212,51.2268753052,0,0,0
4.4169116020,51.2048683167,0,0,0
4.4295115471,51.2015647888,0,0,0
4.4077167511,51.2091217041,0,0,0
4.3791251183,51.2335815430,0,0,0
4.4203348160,51.2074317932,0,0,0
4.4394297600,51.2282600403,0,0,0
4.4187731743,51.2008628845,0,0,0
4.4097485542,51.2066230774,0,0,0
4.4117331505,51.2249717712,0,0,0
4.3881797791,51.2207336426,0,0,0
4.4136633873,51.2090911865,0,0,0
4.4215435982,51.2010154724,0,0,0
4.4142632484,51.2001495361,0,0,0
4.4207849503,51.2213668823,0,0,0
4.3781251907,51.2207489014,0,0,0
4.4114632607,51.2098617554,0,0,0
4.4146265984,51.1996917725,0,0,0
4.4168534279,51.2026634216,0,0,0
4.4067034721,51.2210235596,0,0,0
4.4218516350,51.2276420593,0,0,0
4.3776216507,51.2274093628,0,0,0
4.4146966934,51.2031707764,0,0,0
4.4116735458,51.2099189758,0,0,0
4.4067349434,51.2209358215,0,0,0
4.4179701805,51.2261657715,0,0,0
4.4152717590,51.2025489807,0,0,0
4.4052433968,51.2193450928,0,0,0
4.3970131874,51.1979217529,0,0,0
4.4071750641,51.2209968567,0,0,0
4.4273366928,51.2344512939,0,0,0
4.4226951599,51.2089881897,0,0,0
4.4070549011,51.2210311890,0,0,0
4.4044418335,51.1947250366,0,0,0
4.4263048172,51.2251205444,0,0,0
4.3255181313,51.2312011719,0,0,0
4.4054551125,51.2169876099,0,0,0
4.4118819237,51.1937255859,0,0,0
4.4301381111,51.2223205566,0,0,0
4.4043183327,51.2172241211,0,0,0
4.4086766243,51.1959686279,0,0,0
4.4037852287,51.2173118591,0,0,0
4.4142799377,51.1996192932,0,0,0
4.4215002060,51.2179298401,0,0,0
4.4061551094,51.2160110474,0,0,0
4.4097352028,51.2066841125,0,0,0
4.4132900238,51.2284278870,0,0,0
4.4216032028,51.2179450989,0,0,0
4.4059548378,51.2159614563,0,0,0
4.4099116325,51.2070388794,0,0,0
4.4121184349,51.2298812866,0,0,0
4.4196200371,51.2190017700,0,0,0
4.4062151909,51.2159233093,0,0,0
4.4012265205,51.1966552734,0,0,0
4.4120049477,51.2298774719,0,0,0
4.4265265465,51.2104682922,0,0,0
4.4081516266,51.2153930664,0,0,0
4.3980665207,51.2069892883,0,0,0
4.4119315147,51.2298622131,0,0,0
4.3775000572,51.2258682251,0,0,0
4.4203114510,51.2161483765,0,0,0
4.4083681107,51.2153892517,0,0,0
4.3904967308,51.2020339966,0,0,0
4.4118847847,51.2301063538,0,0,0
4.3469347954,51.2200737000,0,0,0
4.4160084724,51.2138175964,0,0,0
4.4067931175,51.2280158997,0,0,0
4.4083385468,51.2156295776,0,0,0
4.3941650391,51.1976928711,0,0,0
4.4313235283,51.2299232483,0,0,0
4.3406715393,51.2083053589,0,0,0
4.4196634293,51.2172088623,0,0,0
4.4106864929,51.2251014709,0,0,0
4.4082651138,51.2157516479,0,0,0
4.4010448456,51.2063140869,0,0,0
4.4345068932,51.2312278748,0,0,0
4.3406634331,51.2083053589,0,0,0
4.4192967415,51.2175331116,0,0,0
4.4124984741,51.2249755859,0,0,0
4.4091601372,51.2150917053,0,0,0
4.3964118958,51.2017326355,0,0,0
4.4395751953,51.2275085449,0,0,0
4.3406682015,51.2083053589,0,0,0
4.4193348885,51.2177162170,0,0,0
4.4197416306,51.2208328247,0,0,0
4.4103999138,51.2162704468,0,0,0
4.3941001892,51.2037429810,0,0,0
4.3340468407,51.2109947205,0,0,0
4.4132084847,51.2303733826,0,0,0
4.4176664352,51.2176132202,0,0,0
4.4149217606,51.2191505432,0,0,0
4.4032335281,51.1930732727,0,0,0
4.3334164619,51.2194747925,0,0,0
4.4128351212,51.2319984436,0,0,0
4.4024548531,51.2300834656,0,0,0
4.4503773000,51.2223370000,0,0,0
4.3831748962,51.2284927368,0,0,0
4.4130349159,51.2319450378,0,0,0
4.4034321000,51.1942481000,0,0,0
4.3784065247,51.2247886658,0,0,0
4.3785581589,51.2267150879,0,0,0
4.3832731247,51.2273292542,0,0,0
4.4029383659,51.2331199646,0,0,0
4.4029331207,51.2316665649,0,0,0
4.4053735733,51.2203750610,0,0,0
4.4049849510,51.2190933228,0,0,0
4.4049749374,51.2190437317,0,0,0
4.4048085213,51.2189445496,0,0,0
4.4099283218,51.2206802368,0,0,0
4.4161748886,51.2359428406,0,0,0
4.4161148071,51.2358322144,0,0,0
4.3888034821,51.2097892761,0,0,0
4.3554693000,51.2141933000,0,0,0
4.4178881645,51.2208290100,0,0,0
4.4109401703,51.2131385803,0,0,0
4.4080615044,51.2117042542,0,0,0
4.4127683640,51.2099914551,0,0,0
4.4495782852,51.2200965881,0,0,0
4.4017682076,51.2294731140,0,0,0
4.4132084847,51.2293891907,0,0,0
4.4135532379,51.2280807495,0,0,0
4.4175901413,51.2105789185,0,0,0
4.4479365349,51.2230911255,0,0,0
4.4050984383,51.2154121399,0,0,0
4.4021501541,51.2303771973,0,0,0
4.4190669060,51.2266998291,0,0,0
4.4091548920,51.2339935303,0,0,0
4.4019165039,51.2272872925,0,0,0
4.4110865593,51.2312507629,0,0,0
4.4192948341,51.2103767395,0,0,0
4.4043083191,51.1945953369,0,0,0
4.4184818268,51.2197494507,0,0,0
4.4452548027,51.2180671692,0,0,0
4.4138116837,51.2151947021,0,0,0
4.4020333290,51.2289390564,0,0,0
4.4165349007,51.2169723511,0,0,0
4.4099650383,51.2067680359,0,0,0
4.4110231400,51.2312316895,0,0,0
4.4124417305,51.2082862854,0,0,0
4.3916716576,51.2032051086,0,0,0
4.4255847931,51.2157173157,0,0,0
4.4376983643,51.2166099548,0,0,0
4.4115333557,51.2233123779,0,0,0
4.4009051323,51.2267303467,0,0,0
4.4194464684,51.2174301147,0,0,0
4.4197349548,51.2021865845,0,0,0
4.4019050598,51.2269515991,0,0,0
4.4049868584,51.2312736511,0,0,0
4.3934483528,51.2041778564,0,0,0
4.4203667641,51.2296066284,0,0,0
4.4261331558,51.2123947144,0,0,0
4.4039616585,51.2269706726,0,0,0
4.4205384255,51.2155990601,0,0,0
4.4050250053,51.2266426086,0,0,0
4.4040617943,51.2244834900,0,0,0
4.4151334763,51.2198905945,0,0,0
4.4373493000,51.2327149000,0,0,0
4.4174900055,51.2056350708,0,0,0
4.3921966553,51.2046585083,0,0,0
4.4260816574,51.2113075256,0,0,0
4.4019985199,51.2290229797,0,0,0
4.4141082764,51.2105369568,0,0,0
4.4233098030,51.2350349426,0,0,0
4.4106850624,51.2271957397,0,0,0
4.4294233322,51.2017784119,0,0,0
4.4071269035,51.2260856628,0,0,0
4.4054350853,51.2186164856,0,0,0
4.4160799980,51.2043571472,0,0,0
4.3925199509,51.2046699524,0,0,0
4.4247932434,51.2071800232,0,0,0
4.4172267914,51.2101860046,0,0,0
4.4054551125,51.2270584106,0,0,0
4.4227466583,51.2042770386,0,0,0
4.4136714935,51.2257614136,0,0,0
4.4045248032,51.2192268372,0,0,0
4.3886752129,51.2051734924,0,0,0
4.4169483185,51.2047767639,0,0,0
4.4285984039,51.2078056335,0,0,0
4.4050102234,51.2156028748,0,0,0
4.4043865204,51.2191200256,0,0,0
4.4200267792,51.2193336487,0,0,0
4.4383649826,51.2280120850,0,0,0
4.4090199471,51.2280769348,0,0,0
4.4206252098,51.2035789490,0,0,0
4.4166216850,51.2221336365,0,0,0
4.3879919052,51.2104415894,0,0,0
4.4145150185,51.2067642212,0,0,0
4.4294152260,51.2060050964,0,0,0
4.4085597992,51.2114524841,0,0,0
4.4004516602,51.2260665894,0,0,0
4.4394598007,51.2273101807,0,0,0
4.4027647972,51.2279167175,0,0,0
4.4128632546,51.2015800476,0,0,0
4.4163684845,51.2221488953,0,0,0
4.4106183052,51.2300529480,0,0,0
4.4366965294,51.2245330811,0,0,0
4.4083352089,51.2090759277,0,0,0
4.4393601418,51.2074241638,0,0,0
4.4096465111,51.2124252319,0,0,0
4.4180464745,51.2145614624,0,0,0
4.4012999535,51.2254142761,0,0,0
4.4396181107,51.2288322449,0,0,0
4.4054899216,51.2313499451,0,0,0
4.4118847847,51.2007102966,0,0,0
4.4162898064,51.2222251892,0,0,0
4.4437885284,51.2200279236,0,0,0
4.4086599350,51.2091140747,0,0,0
4.4237532616,51.2110900879,0,0,0
4.4106435776,51.2113380432,0,0,0
4.4182667732,51.2146110535,0,0,0
4.3996882439,51.2240447998,0,0,0
4.4265418053,51.2358818054,0,0,0
4.4053168297,51.2323493958,0,0,0
4.4117197990,51.2001113892,0,0,0
4.4131383896,51.2303886414,0,0,0
4.4402685165,51.2190513611,0,0,0
4.4175114632,51.2111167908,0,0,0
4.4256300926,51.2118873596,0,0,0
4.4137668610,51.2173576355,0,0,0
4.4225831032,51.1922264099,0,0,0
4.4189167023,51.2150459290,0,0,0
4.4006319046,51.2262039185,0,0,0
4.4056482315,51.2345352173,0,0,0
4.4140348434,51.2017517090,0,0,0
4.4116616249,51.2292480469,0,0,0
4.4436764717,51.2188682556,0,0,0
4.4154682159,51.2067794800,0,0,0
4.4127416611,51.2175216675,0,0,0
4.4226465225,51.2138252258,0,0,0
4.4185967445,51.1943435669,0,0,0
4.4191317558,51.2153129578,0,0,0
4.4030265808,51.2306785583,0,0,0
4.4030785561,51.2323417664,0,0,0
4.4191231728,51.2004814148,0,0,0
4.4117350578,51.2307701111,0,0,0
4.4420399666,51.2181587219,0,0,0
4.4129781723,51.2152214050,0,0,0
4.4235548973,51.2132606506,0,0,0
4.4159016609,51.2088279724,0,0,0
4.4185948372,51.1943435669,0,0,0
4.4190235138,51.2156181335,0,0,0
4.4031367302,51.2306785583,0,0,0
4.4052882195,51.2327194214,0,0,0
4.4184031487,51.2017097473,0,0,0
4.4091668129,51.2308235168,0,0,0
4.4026966095,51.2308235168,0,0,0
4.4100198746,51.2128944397,0,0,0
4.4279232025,51.2163543701,0,0,0
4.4166464806,51.2077865601,0,0,0
4.4185466766,51.1943435669,0,0,0
4.4192867279,51.2163658142,0,0,0
4.4091801643,51.2327995300,0,0,0
4.4207334518,51.2358436584,0,0,0
4.4191617966,51.2161560059,0,0,0
4.4237318039,51.2014427185,0,0,0
4.4105734825,51.2344818115,0,0,0
4.4446401596,51.2127838135,0,0,0
4.4050397873,51.2153091431,0,0,0
4.4149317741,51.2211570740,0,0,0
4.4268283844,51.2140312195,0,0,0
4.4137215614,51.2049369812,0,0,0
4.4026851654,51.2240524292,0,0,0
4.4185132980,51.1943435669,0,0,0
4.4298048019,51.2353134155,0,0,0
4.4177350998,51.2176475525,0,0,0
4.4237232208,51.2014427185,0,0,0
4.4136667252,51.2341384888,0,0,0
4.4416851997,51.2110137939,0,0,0
4.4063334465,51.2152519226,0,0,0
4.4039869309,51.2192115784,0,0,0
4.4187550545,51.2103233337,0,0,0
4.4032049179,51.2194862366,0,0,0
4.4151616097,51.2079925537,0,0,0
4.4165482521,51.2277946472,0,0,0
4.4185419083,51.1943397522,0,0,0
4.4172935486,51.2119102478,0,0,0
4.4393548966,51.2283363342,0,0,0
4.4098014832,51.2311248779,0,0,0
4.4237332344,51.2014427185,0,0,0
4.4102435112,51.2333984375,0,0,0
4.4374618530,51.2150382996,0,0,0
4.3964166641,51.2143898010,0,0,0
4.3968281746,51.2180976868,0,0,0
4.4126234055,51.2072257996,0,0,0
4.4102416039,51.2333984375,0,0,0
4.4185700417,51.1943321228,0,0,0
4.4181432724,51.2218284607,0,0,0
4.4126234055,51.2072372437,0,0,0
4.4333081245,51.2290687561,0,0,0
4.4237384796,51.2014427185,0,0,0
4.4320502281,51.2291641235,0,0,0
4.4532399178,51.2110214233,0,0,0
4.4146084786,51.1996459961,0,0,0
4.4092149735,51.2131576538,0,0,0
4.3926181793,51.2094345093,0,0,0
4.4391264916,51.2223320007,0,0,0
4.4103064537,51.2333869934,0,0,0
4.4186449051,51.1943206787,0,0,0
4.4207048416,51.2037353516,0,0,0
4.4237751961,51.2014617920,0,0,0
4.4535431862,51.2120590210,0,0,0
4.4270000458,51.2320022583,0,0,0
4.4084181786,51.1938133240,0,0,0
4.4097084999,51.2145652771,0,0,0
4.4245448113,51.2228851318,0,0,0
4.4112167358,51.2333335876,0,0,0
4.4567432404,51.2128486633,0,0,0
4.4186067581,51.1942481995,0,0,0
4.4142732620,51.2071266174,0,0,0
4.4237451553,51.2014808655,0,0,0
4.4221234322,51.2334442139,0,0,0
4.4097166061,51.2145462036,0,0,0
4.4257984161,51.2248878479,0,0,0
4.4113068581,51.2354850769,0,0,0
4.4396548271,51.2230453491,0,0,0
4.4185333252,51.1941757202,0,0,0
4.4146847725,51.2144165039,0,0,0
4.4237284660,51.2014884949,0,0,0
4.4259915352,51.2347640991,0,0,0
4.4243249893,51.2321281433,0,0,0
4.4110617638,51.2316131592,0,0,0
4.4220199585,51.2018699646,0,0,0
4.4171199799,51.2297668457,0,0,0
4.4185681343,51.1942749023,0,0,0
4.4155683518,51.2091979980,0,0,0
4.4030117989,51.2335128784,0,0,0
4.4276151657,51.2315750122,0,0,0
4.4253535271,51.2033462524,0,0,0
4.4185600281,51.1943817139,0,0,0
4.4117283821,51.2099113464,0,0,0
4.4091734886,51.2306823730,0,0,0
4.4119467735,51.2310905457,0,0,0
4.4091634750,51.2318801880,0,0,0
4.4253201485,51.2033538818,0,0,0
4.4187150002,51.1943931580,0,0,0
4.4114551544,51.2098007202,0,0,0
4.4212398529,51.2059135437,0,0,0
4.4253282547,51.2033576965,0,0,0
4.4187183380,51.1943817139,0,0,0
4.4165115356,51.2050399780,0,0,0
4.4397282600,51.2281455994,0,0,0
4.4175400734,51.2055320740,0,0,0
4.4253568649,51.2033576965,0,0,0
4.4186282158,51.1943321228,0,0,0
4.4127316475,51.2022514343,0,0,0
4.4202752113,51.2071037292,0,0,0
4.4253435135,51.2033576965,0,0,0
4.4185299873,51.1943168640,0,0,0
4.4071416855,51.2134399414,0,0,0
4.4253416061,51.2033576965,0,0,0
4.4185485840,51.1943016052,0,0,0
4.4106483460,51.2045364380,0,0,0
4.4091167450,51.2328338623,0,0,0
4.4017567635,51.2270050049,0,0,0
4.3999900818,51.2171592712,0,0,0
4.4190735817,51.2052230835,0,0,0
4.4169983864,51.2051162720,0,0,0
4.4185714722,51.1943016052,0,0,0
4.4114699364,51.2235565186,0,0,0
4.4220266342,51.2103614807,0,0,0
4.4132833481,51.2026290894,0,0,0
4.4186568260,51.1943016052,0,0,0
4.4026398659,51.2301826477,0,0,0
4.4098601341,51.2220954895,0,0,0
4.3940200806,51.2036476135,0,0,0
4.4187116623,51.1943092346,0,0,0
4.4067897797,51.2210731506,0,0,0
4.4103984833,51.2218017578,0,0,0
4.4023618698,51.2013816833,0,0,0
4.3972835541,51.1976966858,0,0,0
4.4186749458,51.1943092346,0,0,0
4.4186315537,51.1943054199,0,0,0
4.4071102142,51.2209091187,0,0,0
4.4111518860,51.2214965820,0,0,0
4.4104065895,51.2020530701,0,0,0
4.4043035507,51.1944923401,0,0,0
4.4038414955,51.1997146606,0,0,0
4.4185667038,51.1942672729,0,0,0
4.4070301056,51.2207069397,0,0,0
4.4175715447,51.2114105225,0,0,0
4.4115447998,51.1944007874,0,0,0
4.4039268494,51.2031822205,0,0,0
4.4185433388,51.1942520142,0,0,0
4.4056501389,51.2217979431,0,0,0
4.4145617485,51.2071418762,0,0,0
4.4117250443,51.1938209534,0,0,0
4.4004101753,51.2052536011,0,0,0
4.4185299873,51.1942100525,0,0,0
4.4083800316,51.2153968811,0,0,0
4.4203915596,51.2027854919,0,0,0
4.4117298126,51.2003250122,0,0,0
4.4036350250,51.2072906494,0,0,0
4.4185514450,51.1941184998,0,0,0
4.4083051682,51.2154350281,0,0,0
4.4249067307,51.2102165222,0,0,0
4.4132099152,51.2284164429,0,0,0
4.4127402306,51.2098770142,0,0,0
4.4101347923,51.2054328918,0,0,0
4.4185934067,51.1941146851,0,0,0
4.4084649086,51.2153244019,0,0,0
4.4327750206,51.2096061707,0,0,0
4.4021215439,51.2276535034,0,0,0
4.4122066498,51.2299652100,0,0,0
4.4011697769,51.1966323853,0,0,0
4.4074869156,51.1983985901,0,0,0
4.4186515808,51.1941337585,0,0,0
4.4086251259,51.2150802612,0,0,0
4.4066534042,51.2279281616,0,0,0
4.4120764732,51.2299652100,0,0,0
4.3914484978,51.2051391602,0,0,0
4.4202065468,51.2020721436,0,0,0
4.4186615944,51.1941680908,0,0,0
4.4086151123,51.2153434753,0,0,0
4.4145364761,51.2244567871,0,0,0
4.4119534493,51.2301750183,0,0,0
4.3914651871,51.2012290955,0,0,0
4.4106683731,51.1981887817,0,0,0
4.4186415672,51.1941871643,0,0,0
4.4084548950,51.2154197693,0,0,0
4.4198632240,51.2207450867,0,0,0
4.4314131737,51.2298507690,0,0,0
4.3943033218,51.1976737976,0,0,0
4.4090733528,51.1951065063,0,0,0
4.4185848236,51.1942062378,0,0,0
4.4085016251,51.2154464722,0,0,0
4.4278435707,51.2357177734,0,0,0
4.3945384026,51.1997756958,0,0,0
4.4057283402,51.1945152283,0,0,0
4.4185633659,51.1942367554,0,0,0
4.4084248543,51.2154998779,0,0,0
4.4084649086,51.2157135010,0,0,0
4.4395251274,51.2271957397,0,0,0
4.4048032761,51.1971282959,0,0,0
4.4101881981,51.2011833191,0,0,0
4.4185466766,51.1943092346,0,0,0
4.4082651138,51.2156410217,0,0,0
4.4142017365,51.2001533508,0,0,0
4.3941249847,51.2038230896,0,0,0
4.4236871000,51.1905501000,0,0,0
4.4186100960,51.1943321228,0,0,0
4.4081482887,51.2155761719,0,0,0
4.4110884666,51.1990699768,0,0,0
4.3914933205,51.2013473511,0,0,0
4.4187002182,51.1943778992,0,0,0
4.4064753000,51.1910261000,0,0,0
4.4148650169,51.2198753357,0,0,0
4.4074401856,51.1984100342,0,0,0
4.4186749458,51.1944007874,0,0,0
4.4079332352,51.2188606262,0,0,0
4.4036216736,51.2070808411,0,0,0
4.4186582565,51.1943817139,0,0,0
4.4185867310,51.1943473816,0,0,0
4.4025382996,51.2302398682,0,0,0
4.4145865440,51.2245330811,0,0,0
4.4185633659,51.1943397522,0,0,0
4.4092798233,51.2327194214,0,0,0
4.4186267853,51.1943321228,0,0,0
4.3976731300,51.2219505310,0,0,0
4.3901982307,51.2093658447,0,0,0
4.4185848236,51.1943359375,0,0,0
4.4185914993,51.1943550110,0,0,0
4.4032268524,51.2354507446,0,0,0
4.4185733795,51.1943511963,0,0,0
4.4065165520,51.2126808167,0,0,0
4.4185667038,51.1943511963,0,0,0
4.4029331207,51.2086448669,0,0,0
4.4185566902,51.1943550110,0,0,0
4.4046998024,51.2190017700,0,0,0
4.4185285568,51.1943588257,0,0,0
4.4048781395,51.2190322876,0,0,0
4.4184966087,51.1943588257,0,0,0
4.4370417595,51.2006187439,0,0,0
4.4046516419,51.2190284729,0,0,0
4.4184865952,51.1943550110,0,0,0
4.4046816826,51.2189598083,0,0,0
4.4184799194,51.1943550110,0,0,0
4.4032897949,51.2355461121,0,0,0
4.4185299873,51.1943435669,0,0,0
4.4186582565,51.1942710876,0,0,0
4.4186716080,51.1941337585,0,0,0
4.4186968803,51.1940536499,0,0,0
4.4188299179,51.1940002441,0,0,0
4.4189100266,51.1939849854,0,0,0
4.4189682007,51.1939811707,0,0,0
4.4160218239,51.2359313965,0,0,0
4.4189200401,51.1939849854,0,0,0
4.4162597656,51.2358093262,0,0,0
4.4188632965,51.1940116882,0,0,0
4.4188399315,51.1940841675,0,0,0
4.4187865257,51.1941947937,0,0,0
4.4185566902,51.1942176819,0,0,0
4.4185118675,51.1942100525,0,0,0
4.4185366631,51.1942214966,0,0,0
4.4185352325,51.1942481995,0,0,0
4.4185466766,51.1942558289,0,0,0
4.4185714722,51.1942710876,0,0,0
4.4185948372,51.1942672729,0,0,0
4.4185748100,51.1942825317,0,0,0
4.4185681343,51.1943244934,0,0,0
4.4186768532,51.1942825317,0,0,0
4.4186782837,51.1942672729,0,0,0
4.4185681343,51.1942787170,0,0,0
4.4185581207,51.1942863464,0,0,0
4.4185466766,51.1942939758,0,0,0
4.4185733795,51.1943092346,0,0,0
4.4186568260,51.1943435669,0,0,0
4.4186134338,51.1943702698,0,0,0
4.4185800552,51.1943702698,0,0,0
4.4185166359,51.1943778992,0,0,0
4.4185233116,51.1943244934,0,0,0
4.4186201096,51.1943550110,0,0,0
4.4185800552,51.1943244934,0,0,0
4.4185199738,51.1943130493,0,0,0
4.4185218811,51.1943054199,0,0,0
4.4185814858,51.1943206787,0,0,0
4.4185514450,51.1943168640,0,0,0
4.4185066223,51.1943168640,0,0,0
4.4184966087,51.1943168640,0,0,0
4.4185132980,51.1943206787,0,0,0
4.4185667038,51.1943206787,0,0,0
4.4186015129,51.1943626404,0,0,0
4.4186716080,51.1943664551,0,0,0
4.4186902046,51.1943969727,0,0,0
4.4187650681,51.1944465637,0,0,0
4.4187798500,51.1944503784,0,0,0
4.4190001488,51.1944351196,0,0,0
4.4190783501,51.1944389343,0,0,0
4.4189767838,51.1944427490,0,0,0
4.4189581871,51.1944465637,0,0,0
4.4187169075,51.1944580078,0,0,0
4.4185767174,51.1944503784,0,0,0
4.4185299873,51.1944503784,0,0,0
4.4184966087,51.1944503784,0,0,0
4.4184832573,51.1944465637,0,0,0
4.4019150734,51.2280960083,0,0,0
4.4032602310,51.2313270569,0,0,0
4.4184899330,51.1944465637,0,0,0
4.3879566193,51.2041625977,0,0,0
4.3610949000,51.2130185000,0,0,0
4.4124684334,51.2308082581,0,0,0
4.4394984245,51.2282562256,0,0,0
4.4028382301,51.2165298462,0,0,0
4.4184732437,51.1944465637,0,0,0
4.4019484520,51.2099456787,0,0,0
4.4096350670,51.2272415161,0,0,0
4.4490900040,51.2185707092,0,0,0
4.4078516960,51.2271690369,0,0,0
4.4184665680,51.1944465637,0,0,0
4.4227480888,51.2135810852,0,0,0
4.4139652252,51.2299613953,0,0,0
4.4435315132,51.2189865112,0,0,0
4.4165768623,51.2218627930,0,0,0
4.4041714668,51.2226333618,0,0,0
4.4097266197,51.2122421265,0,0,0
4.4261498451,51.2122764587,0,0,0
4.4184417725,51.1944465637,0,0,0
4.4196414948,51.2214851379,0,0,0
4.4172835350,51.2190666199,0,0,0
4.4407768250,51.2212715149,0,0,0
4.4256234169,51.2159385681,0,0,0
4.4149785042,51.2199554443,0,0,0
4.4107332230,51.2144813538,0,0,0
4.4090452194,51.1951217651,0,0,0
4.4184818268,51.1944465637,0,0,0
4.4194984436,51.2174224854,0,0,0
4.4230251312,51.2065582275,0,0,0
4.4184732437,51.1944465637,0,0,0
4.4358649254,51.2090034485,0,0,0
4.4109916687,51.2312240601,0,0,0
4.4261965752,51.2127532959,0,0,0
4.4046015739,51.2190933228,0,0,0
4.4091768265,51.2332115173,0,0,0
4.4112682343,51.2196159363,0,0,0
4.3916602135,51.2030410767,0,0,0
4.4205183983,51.2154693604,0,0,0
4.4078516960,51.2104454041,0,0,0
4.4185118675,51.1944427490,0,0,0
4.4374485016,51.2151031494,0,0,0
4.4048867226,51.2310523987,0,0,0
4.4287500382,51.2104721069,0,0,0
4.4045815468,51.2191505432,0,0,0
4.3908600807,51.2128562927,0,0,0
4.3923549652,51.2045364380,0,0,0
4.4224114418,51.2098083496,0,0,0
4.4153947830,51.2069473267,0,0,0
4.4019465447,51.2295417786,0,0,0
4.4185547829,51.1944465637,0,0,0
4.4265384674,51.2052497864,0,0,0
4.4203133583,51.2288551331,0,0,0
4.4040665627,51.2244834900,0,0,0
4.4211964607,51.2097854614,0,0,0
4.4043817520,51.2190055847,0,0,0
4.4063081741,51.2016792297,0,0,0
4.3976182938,51.2127265930,0,0,0
4.3931350708,51.2039604187,0,0,0
4.4177417755,51.2056655884,0,0,0
4.4015598297,51.2296600342,0,0,0
4.4101815224,51.2108764648,0,0,0
4.4186334610,51.1944847107,0,0,0
4.4143300057,51.2263107300,0,0,0
4.4278864861,51.2331809998,0,0,0
4.4278335571,51.2070655823,0,0,0
4.4107832909,51.2136688232,0,0,0
4.4011998177,51.2248802185,0,0,0
4.4121131897,51.1987915039,0,0,0
4.3887434006,51.2048721313,0,0,0
4.4121532440,51.2065391541,0,0,0
4.4164767265,51.2133331299,0,0,0
4.4187417030,51.1944923401,0,0,0
4.4157848358,51.2227249146,0,0,0
4.4394998550,51.2272911072,0,0,0
4.4270548821,51.2078590393,0,0,0
4.4164881706,51.2221450806,0,0,0
4.4065451622,51.2092475891,0,0,0
4.3872218132,51.2060699463,0,0,0
4.3987116814,51.2230377197,0,0,0
4.4293251038,51.2091064453,0,0,0
4.4031882286,51.2270393372,0,0,0
4.4212265015,51.2181205750,0,0,0
4.4188466072,51.1944847107,0,0,0
4.4387269020,51.2294692993,0,0,0
4.4162583351,51.2222328186,0,0,0
4.4020333290,51.2143020630,0,0,0
4.4023385048,51.2301177979,0,0,0
4.4227647781,51.2042846680,0,0,0
4.4029631615,51.2306938171,0,0,0
4.4357666969,51.2089958191,0,0,0
4.4190702438,51.2210655212,0,0,0
4.4049615860,51.2259330750,0,0,0
4.4232168198,51.2350234985,0,0,0
4.4187283516,51.1944847107,0,0,0
4.4098415375,51.2106781006,0,0,0
4.4189534187,51.2267799377,0,0,0
4.4266567230,51.2358131409,0,0,0
4.4146866798,51.2267570496,0,0,0
4.4043250084,51.2167053223,0,0,0
4.4211668968,51.2027053833,0,0,0
4.4029631615,51.2307128906,0,0,0
4.4236764908,51.2093849182,0,0,0
4.4266848564,51.2358093262,0,0,0
4.4183797836,51.2145500183,0,0,0
4.4126348496,51.2264366150,0,0,0
4.4185934067,51.1944694519,0,0,0
4.4177551270,51.2106056213,0,0,0
4.4367198944,51.2255363464,0,0,0
4.4116582871,51.2291793823,0,0,0
4.4137234688,51.2171440125,0,0,0
4.4153084755,51.2025718689,0,0,0
4.4030399323,51.2307128906,0,0,0
4.4231867790,51.2111549377,0,0,0
4.4185485840,51.2146263123,0,0,0
4.4092330933,51.2272491455,0,0,0
4.4186482430,51.1944656372,0,0,0
4.4257450104,51.2120704651,0,0,0
4.4399132729,51.2231750488,0,0,0
4.4116082192,51.2288627625,0,0,0
4.4144735336,51.2182960510,0,0,0
4.4118900299,51.2006187439,0,0,0
4.4244999886,51.2122955322,0,0,0
4.4143948555,51.2183036804,0,0,0
4.4188466072,51.2145767212,0,0,0
4.4068698883,51.2280426025,0,0,0
4.4181451798,51.1945228577,0,0,0
4.4265666008,51.2103919983,0,0,0
4.4089999199,51.2307777405,0,0,0
4.4119868279,51.2005882263,0,0,0
4.4225950241,51.2135429382,0,0,0
4.4137334824,51.2208061218,0,0,0
4.4120335579,51.2005577087,0,0,0
4.4189734459,51.2146148682,0,0,0
4.4080181122,51.2280387878,0,0,0
4.4184031487,51.1946029663,0,0,0
4.4136466980,51.2092285156,0,0,0
4.4408183098,51.2200050354,0,0,0
4.4106583595,51.2344131470,0,0,0
4.4264683723,51.2164230347,0,0,0
4.4206800461,51.2359619141,0,0,0
4.4128699303,51.2161865234,0,0,0
4.4116168022,51.2000617981,0,0,0
4.4189214706,51.2146682739,0,0,0
4.4074101448,51.2270851135,0,0,0
4.4179515839,51.1945838928,0,0,0
4.4165034294,51.2076568604,0,0,0
4.4426217079,51.2177162170,0,0,0
4.4137182236,51.2354049683,0,0,0
4.4281601906,51.2165794373,0,0,0
4.4190864563,51.2006149292,0,0,0
4.4188733101,51.2147216797,0,0,0
4.4073314667,51.2270851135,0,0,0
4.4024014473,51.2299118042,0,0,0
4.4184465408,51.1943511963,0,0,0
4.4108433723,51.2080383301,0,0,0
4.4417567253,51.2108535767,0,0,0
4.4110918045,51.2334365845,0,0,0
4.4262351990,51.2147140503,0,0,0
4.4086732864,51.2129287720,0,0,0
4.4394116402,51.2283096313,0,0,0
4.4237484932,51.2014503479,0,0,0
4.4185714722,51.2157516479,0,0,0
4.4083132744,51.2268562317,0,0,0
4.4051685333,51.2188415527,0,0,0
4.4185132980,51.1943550110,0,0,0
4.4112668037,51.2073593140,0,0,0
4.4446182251,51.2143211365,0,0,0
4.4110817909,51.2333679199,0,0,0
4.4010181427,51.2270698547,0,0,0
4.4055185318,51.2171516418,0,0,0
4.4261331558,51.2123985291,0,0,0
4.4090700150,51.2130661011,0,0,0
4.4047718048,51.2220802307,0,0,0
4.4362583160,51.2286796570,0,0,0
4.4237465859,51.2014503479,0,0,0
4.4184184074,51.2156333923,0,0,0
4.4019465447,51.2272453308,0,0,0
4.4185667038,51.1943855286,0,0,0
4.4174566269,51.2093505859,0,0,0
4.4407114983,51.2132606506,0,0,0
4.4050102234,51.2256507874,0,0,0
4.4110665321,51.2333793640,0,0,0
4.4071269035,51.2154235840,0,0,0
4.4140567780,51.2244491577,0,0,0
4.4188399315,51.2105216980,0,0,0
4.3964881897,51.2122840881,0,0,0
4.4046669006,51.2191848755,0,0,0
4.4319915772,51.2294273376,0,0,0
4.4179282188,51.2290649414,0,0,0
4.4237465859,51.2014579773,0,0,0
4.4161067009,51.2163467407,0,0,0
4.4185867310,51.1944046021,0,0,0
4.4151849747,51.2078437805,0,0,0
4.4391098023,51.2103080750,0,0,0
4.4018068314,51.2271766663,0,0,0
4.4137501717,51.2341384888,0,0,0
4.4093251228,51.2038955688,0,0,0
4.4269185066,51.2178688049,0,0,0
4.4206385613,51.2131958008,0,0,0
4.4094080925,51.2147445679,0,0,0
4.4014849663,51.2188186646,0,0,0
4.4297752380,51.2307243347,0,0,0
4.4313302040,51.2241973877,0,0,0
4.4237766266,51.2014884949,0,0,0
4.4133548737,51.2307014465,0,0,0
4.4186415672,51.1943817139,0,0,0
4.4375767708,51.2150344849,0,0,0
4.4173765183,51.2053413391,0,0,0
4.4052100182,51.2279357910,0,0,0
4.4128198624,51.2345504761,0,0,0
4.4058384895,51.2345199585,0,0,0
4.4184851646,51.1942367554,0,0,0
4.4177317619,51.2015686035,0,0,0
4.4427866936,51.2214965820,0,0,0
4.4152631760,51.2039833069,0,0,0
4.4051218033,51.2320823669,0,0,0
4.4113864899,51.2036437988,0,0,0
4.4184665680,51.1942367554,0,0,0
4.4025864601,51.2299003601,0,0,0
4.4173049927,51.2050094604,0,0,0
4.4028968811,51.2323455811,0,0,0
4.4095983505,51.2069740295,0,0,0
4.4265985489,51.2013549805,0,0,0
4.4018383026,51.2278022766,0,0,0
4.4156184197,51.2067985535,0,0,0
4.4028835297,51.2323417664,0,0,0
4.4142618179,51.2001724243,0,0,0
4.4185218811,51.1942481995,0,0,0
4.4256334305,51.2033538818,0,0,0
4.4208235741,51.2214050293,0,0,0
4.3938717842,51.2035598755,0,0,0
4.4116215706,51.2100868225,0,0,0
4.4026865959,51.2309913635,0,0,0
4.4162335396,51.2043800354,0,0,0
4.4029765129,51.2332382202,0,0,0
4.4185547829,51.1942596436,0,0,0
4.4254884720,51.2033576965,0,0,0
4.4071397781,51.1994209290,0,0,0
4.4198751450,51.2231636047,0,0,0
4.4116549492,51.2100639343,0,0,0
4.4067082405,51.2209281921,0,0,0
4.4100852013,51.2108917236,0,0,0
4.4185600281,51.1942596436,0,0,0
4.4257102013,51.2033576965,0,0,0
4.4007401466,51.2020606995,0,0,0
4.4246168137,51.2316398621,0,0,0
4.4035534859,51.2311935425,0,0,0
4.3984565735,51.1964569092,0,0,0
4.4068617821,51.2210464478,0,0,0
4.4006533623,51.2265548706,0,0,0
4.4185018539,51.1942825317,0,0,0
4.4066634178,51.2210006714,0,0,0
4.4256381989,51.2033348083,0,0,0
4.4034881592,51.2074127197,0,0,0
4.4228849411,51.2279777527,0,0,0
4.4073615074,51.2312049866,0,0,0
4.4185318947,51.1942634583,0,0,0
4.4066982269,51.2208709717,0,0,0
4.4254665375,51.2034263611,0,0,0
4.4034681320,51.2073631287,0,0,0
4.4332365990,51.2250556946,0,0,0
4.4051651955,51.2187080383,0,0,0
4.4184918404,51.1942481995,0,0,0
4.4256668091,51.2051010132,0,0,0
4.4060883522,51.2073783875,0,0,0
4.4306797981,51.2224617004,0,0,0
4.4221282005,51.2102699280,0,0,0
4.4117732048,51.1938285828,0,0,0
4.4103851318,51.2158584595,0,0,0
4.4185285568,51.1942367554,0,0,0
4.4115347862,51.1997261047,0,0,0
4.4303765297,51.2186203003,0,0,0
4.4133667946,51.2011871338,0,0,0
4.4101848602,51.2158203125,0,0,0
4.4185681343,51.1941871643,0,0,0
4.4075350761,51.1983985901,0,0,0
4.4020533562,51.2276611328,0,0,0
4.4212064743,51.2179565430,0,0,0
4.4083065987,51.2098846436,0,0,0
4.4350800514,51.2357139587,0,0,0
4.4103465080,51.2156600952,0,0,0
4.4185948372,51.1941757202,0,0,0
4.4143466950,51.2003707886,0,0,0
4.4020667076,51.2274475098,0,0,0
4.4194464684,51.2190017700,0,0,0
4.4104633331,51.2157363892,0,0,0
4.4014968872,51.1996650696,0,0,0
4.4186983109,51.1941795349,0,0,0
4.4199399948,51.2020568848,0,0,0
4.4066348076,51.2279663086,0,0,0
4.4220848084,51.2130355835,0,0,0
4.4101867676,51.2160758972,0,0,0
4.3934950829,51.2057037354,0,0,0
4.4186034203,51.1941871643,0,0,0
4.4131917954,51.2288093567,0,0,0
4.4215269089,51.2002220154,0,0,0
4.4197068214,51.2202301025,0,0,0
4.4166884422,51.2173690796,0,0,0
4.4100966454,51.2160873413,0,0,0
4.3905749321,51.2019233704,0,0,0
4.4185647965,51.1941909790,0,0,0
4.4128518105,51.2301216125,0,0,0
4.4099550247,51.1945686340,0,0,0
4.4101934433,51.2252006531,0,0,0
4.4215116501,51.2110939026,0,0,0
4.4100499153,51.2159957886,0,0,0
4.3949398994,51.1981010437,0,0,0
4.4139285088,51.2271499634,0,0,0
4.4185500145,51.1941986084,0,0,0
4.4100217819,51.1929244995,0,0,0
4.4203200340,51.2157287598,0,0,0
4.4103364945,51.2161483765,0,0,0
4.4252834320,51.2312011719,0,0,0
4.4185781479,51.1942024231,0,0,0
4.4042482376,51.1942443848,0,0,0
4.4194417000,51.2173271179,0,0,0
4.4106984139,51.2160644531,0,0,0
4.4098749161,51.2009315491,0,0,0
4.4318966866,51.2296447754,0,0,0
4.4185547829,51.1942710876,0,0,0
4.4043383598,51.1970405579,0,0,0
4.4193882942,51.2172431946,0,0,0
4.4109201431,51.2163047791,0,0,0
4.4193215370,51.2171974182,0,0,0
4.3941965103,51.2038269043,0,0,0
4.4185934067,51.1943855286,0,0,0
4.4141864777,51.2001113892,0,0,0
4.4138131142,51.2003364563,0,0,0
4.3826671000,51.1983859000,0,0,0
4.4109535217,51.2161521912,0,0,0
4.4163918495,51.2308654785,0,0,0
4.3995199204,51.1923637390,0,0,0
4.4394817352,51.2271461487,0,0,0
4.4188899994,51.1945037842,0,0,0
4.4075884819,51.1984214783,0,0,0
4.4083666802,51.2198257446,0,0,0
4.4226264954,51.1918983459,0,0,0
4.4425582886,51.2315177917,0,0,0
4.4190015793,51.1945152283,0,0,0
4.4035501480,51.2073516846,0,0,0
4.4190182686,51.1945152283,0,0,0
4.4059314728,51.2199783325,0,0,0
4.4068884850,51.2149009705,0,0,0
4.4190635681,51.1945037842,0,0,0
4.4026665688,51.2301864624,0,0,0
4.4189682007,51.1944999695,0,0,0
4.4188132286,51.1945037842,0,0,0
4.4020032883,51.2290458679,0,0,0
4.4186248779,51.1944885254,0,0,0
4.3925714493,51.2087516785,0,0,0
4.4185881615,51.1944618225,0,0,0
4.4185514450,51.1944580078,0,0,0
4.4185733795,51.1944465637,0,0,0
4.4042801857,51.2196693420,0,0,0
4.4185252190,51.1944351196,0,0,0
4.4047265053,51.2190704346,0,0,0
4.4185166359,51.1944274902,0,0,0
4.4046149254,51.2190322876,0,0,0
4.4184699059,51.1944160461,0,0,0
4.4047951698,51.2190132141,0,0,0
4.4184598923,51.1944007874,0,0,0
4.4020533562,51.2291679382,0,0,0
4.4184899330,51.1944046021,0,0,0
4.4185333252,51.1943931580,0,0,0
4.4186615944,51.1943321228,0,0,0
4.4186468124,51.1942749023,0,0,0
4.4187035561,51.1942901611,0,0,0
4.4186682701,51.1942481995,0,0,0
4.4186267853,51.1942367554,0,0,0
4.4185981751,51.1942367554,0,0,0
4.4185581207,51.1942481995,0,0,0
4.4186000824,51.1942749023,0,0,0
4.4186115265,51.1942749023,0,0,0
4.4185833931,51.1942977905,0,0,0
4.4185299873,51.1942710876,0,0,0
4.4185032845,51.1942672729,0,0,0
4.4185466766,51.1942520142,0,0,0
4.4184885025,51.1942749023,0,0,0
4.4185581207,51.1942749023,0,0,0
4.4185914993,51.1942520142,0,0,0
4.4185900688,51.1942405701,0,0,0
4.4186182022,51.1942596436,0,0,0
4.4185419083,51.1942901611,0,0,0
4.4185352325,51.1942901611,0,0,0
4.4185500145,51.1942749023,0,0,0
4.4185218811,51.1942749023,0,0,0
4.4186067581,51.1942672729,0,0,0
4.4186701775,51.1942977905,0,0,0
4.4187135696,51.1943130493,0,0,0
4.4187350273,51.1943244934,0,0,0
4.4186801910,51.1943168640,0,0,0
4.4186849594,51.1943130493,0,0,0
4.4187068939,51.1943321228,0,0,0
4.4186816216,51.1944084167,0,0,0
4.4187531471,51.1944274902,0,0,0
4.4189634323,51.1945419312,0,0,0
4.4190831184,51.1946640015,0,0,0
4.4192032814,51.1948051453,0,0,0
4.4195251465,51.1948699951,0,0,0
4.4195966721,51.1948280334,0,0,0
4.4195566177,51.1948127747,0,0,0
4.4195752144,51.1948127747,0,0,0
4.4197015762,51.1948204041,0,0,0
4.4197583199,51.1948013306,0,0,0
4.4197964668,51.1947097778,0,0,0
4.4198865891,51.1946678162,0,0,0
4.4200568199,51.1946830750,0,0,0
4.4202117920,51.1946716309,0,0,0
4.4203181267,51.1946830750,0,0,0
4.4203314781,51.1946792603,0,0,0
4.4202499390,51.1946868896,0,0,0
4.4202299118,51.1947250366,0,0,0
4.4201102257,51.1947288513,0,0,0
4.4200582504,51.1947326660,0,0,0
4.4199633598,51.1947402954,0,0,0
4.4198698998,51.1947441101,0,0,0
4.4198665619,51.1947402954,0,0,0
4.4090700150,51.2357521057,0,0,0
4.4197931290,51.1947441101,0,0,0
4.4391884804,51.2217674255,0,0,0
4.4197316170,51.1947517395,0,0,0
4.4436001778,51.2200584412,0,0,0
4.4407968521,51.2205619812,0,0,0
4.3888549805,51.2098083496,0,0,0
4.4196214676,51.1947555542,0,0,0
4.4051084518,51.2153701782,0,0,0
4.4435582161,51.2180213928,0,0,0
4.3892583847,51.2042236328,0,0,0
4.4195499420,51.1947593689,0,0,0
4.3956766129,51.2066383362,0,0,0
4.4123935700,51.2168502808,0,0,0
4.4135866165,51.2274894714,0,0,0
4.4495768547,51.2200737000,0,0,0
4.4126381874,51.2306098938,0,0,0
4.4194850922,51.1947593689,0,0,0
4.4023351669,51.2094154358,0,0,0
4.4145550728,51.2245063782,0,0,0
4.4126949310,51.2303733826,0,0,0
4.4020934105,51.2271766663,0,0,0
4.4149718285,51.2252120972,0,0,0
4.4494066238,51.2184944153,0,0,0
4.4093718529,51.2077827454,0,0,0
4.4110817909,51.2312202454,0,0,0
4.4195084572,51.1947402954,0,0,0
4.4174566269,51.2102012634,0,0,0
4.4172234535,51.2219963074,0,0,0
4.4151964188,51.2102928162,0,0,0
4.4097666740,51.2207069397,0,0,0
4.4030466080,51.2356262207,0,0,0
4.4092416763,51.2151718140,0,0,0
4.4189014435,51.2214660645,0,0,0
4.4410800934,51.2139434814,0,0,0
4.4119935036,51.2007713318,0,0,0
4.4108815193,51.2313079834,0,0,0
4.4195518494,51.1947288513,0,0,0
4.4177398682,51.2102928162,0,0,0
4.4249782562,51.2173309326,0,0,0
4.4202885628,51.2065315247,0,0,0
4.4071035385,51.2196006775,0,0,0
4.3995652199,51.2250404358,0,0,0
4.4165415764,51.2173805237,0,0,0
4.4389133453,51.2162437439,0,0,0
4.4111218453,51.1989250183,0,0,0
4.4078516960,51.2307281494,0,0,0
4.4196114540,51.1947021484,0,0,0
4.4160366058,51.2010078430,0,0,0
4.4259734154,51.2139396667,0,0,0
4.4081702232,51.2097511292,0,0,0
4.4046015739,51.2190322876,0,0,0
4.4142451286,51.2284965515,0,0,0
4.4052333832,51.2277374268,0,0,0
4.4194984436,51.2173843384,0,0,0
4.4050049782,51.2249946594,0,0,0
4.4197316170,51.1946907043,0,0,0
4.3941016197,51.2048683167,0,0,0
4.4208698273,51.2020149231,0,0,0
4.4260115624,51.2111396790,0,0,0
4.4176664352,51.2055511475,0,0,0
4.4044485092,51.2190780640,0,0,0
4.4090251923,51.2271270752,0,0,0
4.4234299660,51.2334098816,0,0,0
4.4203681946,51.2156486511,0,0,0
4.4148931503,51.2251968384,0,0,0
4.3916850090,51.2005615234,0,0,0
4.4197950363,51.1947059631,0,0,0
4.4190850258,51.2005844116,0,0,0
4.4256401062,51.2119178772,0,0,0
4.4178566933,51.2056045532,0,0,0
4.4017415047,51.2249107361,0,0,0
4.4173684120,51.2192802429,0,0,0
4.4069418907,51.2270889282,0,0,0
4.4394998550,51.2273139954,0,0,0
4.4264383316,51.2053489685,0,0,0
4.4158883095,51.2231674194,0,0,0
4.3873000145,51.2060813904,0,0,0
4.4199151993,51.1947288513,0,0,0
4.4283084869,51.2006263733,0,0,0
4.4266166687,51.2080650330,0,0,0
4.4166698456,51.2031059265,0,0,0
4.3994083405,51.2234191895,0,0,0
4.4008650780,51.2171401978,0,0,0
4.4108166695,51.2109184265,0,0,0
4.4386634827,51.2230796814,0,0,0
4.4396233559,51.2288627625,0,0,0
4.4159631729,51.2223739624,0,0,0
4.4050664902,51.2263069153,0,0,0
4.3975048065,51.2217826843,0,0,0
4.4243450165,51.2040748596,0,0,0
4.4200582504,51.1947288513,0,0,0
4.4323883057,51.2078170776,0,0,0
4.4114766121,51.2061805725,0,0,0
4.4002366066,51.2259712219,0,0,0
4.4056835175,51.2165565491,0,0,0
4.4165768623,51.2129669189,0,0,0
4.4411282539,51.2205238342,0,0,0
4.4264850617,51.2358283997,0,0,0
4.4156765938,51.2224349976,0,0,0
4.4051117897,51.2265434265,0,0,0
4.4255867004,51.2034797668,0,0,0
4.4200448990,51.1947326660,0,0,0
4.4309148789,51.2059326172,0,0,0
4.4079499245,51.2101898193,0,0,0
4.4032282829,51.2307586670,0,0,0
4.4107565880,51.2143745422,0,0,0
4.4198231697,51.2192459106,0,0,0
4.4395732880,51.2190971375,0,0,0
4.4240965843,51.2356567383,0,0,0
4.4142332077,51.2261581421,0,0,0
4.4111151695,51.2270584106,0,0,0
4.4209499359,51.2045135498,0,0,0
4.4201364517,51.1947326660,0,0,0
4.4238882065,51.2139930725,0,0,0
4.4122300148,51.2072067261,0,0,0
4.4034185410,51.2306900024,0,0,0
4.4187984467,51.2194862366,0,0,0
4.4444584847,51.2180442810,0,0,0
4.4116768837,51.2287025452,0,0,0
4.4057631493,51.2280349731,0,0,0
4.4217300415,51.2028045654,0,0,0
4.4202985764,51.1947479248,0,0,0
4.4233651161,51.2134246826,0,0,0
4.4164814949,51.2066764832,0,0,0
4.4136447907,51.2172698975,0,0,0
4.4167466164,51.2144432068,0,0,0
4.4430851936,51.2145652771,0,0,0
4.4117617607,51.2307929993,0,0,0
4.4196348190,51.2021598816,0,0,0
4.3923416138,51.2008666992,0,0,0
4.4279451370,51.2164421082,0,0,0
4.4189667702,51.2104492188,0,0,0
4.4143934250,51.2181358337,0,0,0
4.4188566208,51.2144966125,0,0,0
4.4409465790,51.2136497498,0,0,0
4.4207448959,51.2359237671,0,0,0
4.4091749191,51.2354393005,0,0,0
4.4037566185,51.2258071899,0,0,0
4.4230818749,51.2011222839,0,0,0
4.4278831482,51.2165985107,0,0,0
4.4255251885,51.2119598389,0,0,0
4.4142799377,51.2182006836,0,0,0
4.4188265801,51.2144165039,0,0,0
4.4410233498,51.2113914490,0,0,0
4.4106216431,51.2345390320,0,0,0
4.4041748047,51.2347259521,0,0,0
4.4171566963,51.2176589966,0,0,0
4.4276652336,51.2139625549,0,0,0
4.4159164429,51.2281646729,0,0,0
4.4045314789,51.2189331055,0,0,0
4.4187850952,51.2142066956,0,0,0
4.4486565590,51.2122993469,0,0,0
4.4028716087,51.2315788269,0,0,0
4.4111318588,51.2333488464,0,0,0
4.4394016266,51.2283134460,0,0,0
4.4019398689,51.2304763794,0,0,0
4.4214448929,51.2097740173,0,0,0
4.4085750580,51.2111282349,0,0,0
4.4183583260,51.2290954590,0,0,0
4.4118499756,51.2168350220,0,0,0
4.4189014435,51.2148666382,0,0,0
4.4511966705,51.2113380432,0,0,0
4.4064264298,51.2153205872,0,0,0
4.4113235474,51.2333602905,0,0,0
4.4382734299,51.2280693054,0,0,0
4.4188818932,51.2148132324,0,0,0
4.4017348290,51.2296028137,0,0,0
4.4186182022,51.2104110718,0,0,0
4.4345431328,51.2243843079,0,0,0
4.4136314392,51.2049369812,0,0,0
4.4105148315,51.2133979797,0,0,0
4.4015598297,51.2275314331,0,0,0
4.4533700943,51.2111282349,0,0,0
4.4120469093,51.2339401245,0,0,0
4.4336185455,51.2290458679,0,0,0
4.4188852310,51.2158508301,0,0,0
4.4036183357,51.2305068970,0,0,0
4.4141449928,51.2267951965,0,0,0
4.4177966118,51.2225761414,0,0,0
4.4345483780,51.2243881226,0,0,0
4.4083218575,51.2122917175,0,0,0
4.4140281677,51.2085456848,0,0,0
4.4044518471,51.2189636230,0,0,0
4.4535031319,51.2111091614,0,0,0
4.4198784828,51.2021141052,0,0,0
4.4128217697,51.2344932556,0,0,0
4.4310150147,51.2300758362,0,0,0
4.4189882278,51.2158699036,0,0,0
4.4054465294,51.2305221558,0,0,0
4.4128999710,51.2344551086,0,0,0
4.4174833298,51.2192611694,0,0,0
4.3970885277,51.2140464783,0,0,0
4.4289631844,51.2237129211,0,0,0
4.4163084030,51.2078208923,0,0,0
4.3920316696,51.2090568542,0,0,0
4.4378681183,51.2208099365,0,0,0
4.4109869003,51.1991195679,0,0,0
4.4052734375,51.2299385071,0,0,0
4.4303898811,51.2320289612,0,0,0
4.4158315659,51.2144966125,0,0,0
4.4113798142,51.2354698181,0,0,0
4.4374184609,51.2147521973,0,0,0
4.4092850685,51.2131500244,0,0,0
4.4216585159,51.2272415161,0,0,0
4.4152865410,51.2079582214,0,0,0
4.4206032753,51.2286911011,0,0,0
4.3942050934,51.2104454041,0,0,0
4.4084115028,51.1937713623,0,0,0
4.4020233154,51.2302169800,0,0,0
4.4271202087,51.2321510315,0,0,0
4.4165916443,51.2169647217,0,0,0
4.4020452499,51.2275962830,0,0,0
4.4366269112,51.2116432190,0,0,0
4.4150118828,51.2151794434,0,0,0
4.4139032364,51.2106018066,0,0,0
4.4288902283,51.2312088013,0,0,0
4.4134249687,51.2306022644,0,0,0
4.4219517708,51.2334671021,0,0,0
4.4029631615,51.2325363159,0,0,0
4.4166951180,51.2176551819,0,0,0
4.4164633751,51.2064285278,0,0,0
4.4488301277,51.2196884155,0,0,0
4.4219899178,51.2334632874,0,0,0
4.4117465019,51.2097587585,0,0,0
4.4031214714,51.2324829102,0,0,0
4.4165415764,51.2170333862,0,0,0
4.4430866242,51.2339668274,0,0,0
4.4488782883,51.2197036743,0,0,0
4.4273099899,51.2350234985,0,0,0
4.4121017456,51.2100830078,0,0,0
4.4033699036,51.2324790955,0,0,0
4.4165015221,51.2169761658,0,0,0
4.4272999764,51.2349548340,0,0,0
4.4029917717,51.2331581116,0,0,0
4.4456400871,51.2085342407,0,0,0
4.4069151878,51.2142868042,0,0,0
4.4035983086,51.2324981689,0,0,0
4.4013099670,51.2165641785,0,0,0
4.4231901169,51.2093696594,0,0,0
4.4131417275,51.2292518616,0,0,0
4.4530482292,51.2129936218,0,0,0
4.4034881592,51.2329788208,0,0,0
4.3952798843,51.2097434998,0,0,0
4.4174799919,51.2055168152,0,0,0
4.3836998940,51.2280540466,0,0,0
4.4529514313,51.2131500244,0,0,0
4.4057364464,51.2345466614,0,0,0
4.3939814568,51.2035140991,0,0,0
4.4110751152,51.2040977478,0,0,0
4.3915781975,51.2277526855,0,0,0
4.4553518295,51.2117195129,0,0,0
4.4057850838,51.2340507507,0,0,0
4.3979167938,51.2009620667,0,0,0
4.4083452225,51.2089080811,0,0,0
4.3903765678,51.2255516052,0,0,0
4.4552583695,51.2117843628,0,0,0
4.4097747803,51.2067985535,0,0,0
4.4059300423,51.2324600220,0,0,0
4.4138097763,51.2276153564,0,0,0
4.4022984505,51.2013587952,0,0,0
4.3782467842,51.2207984924,0,0,0
4.4499435425,51.2068862915,0,0,0
4.4177899361,51.2016410828,0,0,0
4.4057784081,51.2324600220,0,0,0
4.4026718140,51.2301597595,0,0,0
4.4205250740,51.2213401794,0,0,0
4.4056868553,51.2320556641,0,0,0
4.3952865601,51.2039566040,0,0,0
4.3785099983,51.2265892029,0,0,0
4.4482798576,51.1976280212,0,0,0
4.4137067795,51.2029151917,0,0,0
4.4027032852,51.2301368713,0,0,0
4.4169783592,51.2251739502,0,0,0
4.4054799080,51.2321777344,0,0,0
4.4040331841,51.2031517029,0,0,0
4.4501667023,51.2001495361,0,0,0
4.4088702202,51.2198181152,0,0,0
4.4052600861,51.2319412231,0,0,0
4.4164800644,51.2278099060,0,0,0
4.4001731873,51.2049865723,0,0,0
4.3967018127,51.1971664429,0,0,0
4.4061098099,51.2204551697,0,0,0
4.4050049782,51.2319793701,0,0,0
4.4036965370,51.2069854736,0,0,0
4.4296364784,51.2281150818,0,0,0
4.4040918350,51.1951217651,0,0,0
4.4293599129,51.2123374939,0,0,0
4.4064431191,51.2202911377,0,0,0
4.4110918045,51.1988601685,0,0,0
4.4335899353,51.2267990112,0,0,0
4.4114751816,51.1946754456,0,0,0
4.4331951141,51.2139320374,0,0,0
4.4053301811,51.2201271057,0,0,0
4.4199981690,51.2021560669,0,0,0
4.4356331825,51.2187919617,0,0,0
4.4199881554,51.2022094727,0,0,0
4.4108514786,51.1932678223,0,0,0
4.4297165871,51.2168159485,0,0,0
4.4083566666,51.2154464722,0,0,0
4.4215068817,51.2180175781,0,0,0
4.4200334549,51.2022819519,0,0,0
4.4116401672,51.2001533508,0,0,0
4.4376897812,51.2150535583,0,0,0
4.4082684517,51.2156295776,0,0,0
4.4195551872,51.2191047668,0,0,0
4.3779101372,51.2268371582,0,0,0
4.4200081825,51.2022285461,0,0,0
4.4133167267,51.2284240723,0,0,0
4.4195718765,51.2191047668,0,0,0
4.4100732803,51.2109031677,0,0,0
4.4086885452,51.2151336670,0,0,0
4.3614082336,51.2204284668,0,0,0
4.4200582504,51.2021560669,0,0,0
4.4121551514,51.2298851013,0,0,0
4.4220700264,51.2131690979,0,0,0
4.4086065292,51.2152938843,0,0,0
4.4498033524,51.2193069458,0,0,0
4.3396916390,51.2078552246,0,0,0
4.4130601883,51.2013320923,0,0,0
4.4120035172,51.2298927307,0,0,0
4.4166932106,51.2174415588,0,0,0
4.3980798721,51.2071304321,0,0,0
4.4085950851,51.2156448364,0,0,0
4.4489183426,51.2196884155,0,0,0
4.4462499619,51.2138481140,0,0,0
4.3396868706,51.2078399658,0,0,0
4.4119615555,51.2301368713,0,0,0
4.4102668762,51.1955490112,0,0,0
4.3902797699,51.2026977539,0,0,0
4.4183182716,51.2108078003,0,0,0
4.4085102081,51.2155609131,0,0,0
4.4481701851,51.2103118896,0,0,0
4.3397116661,51.2078247070,0,0,0
4.4312701225,51.2299232483,0,0,0
4.4100532532,51.1930084229,0,0,0
4.3945083618,51.2001533508,0,0,0
4.3406534195,51.2080307007,0,0,0
4.4084415436,51.2154884338,0,0,0
4.4195365906,51.2173728943,0,0,0
4.4483366013,51.1975364685,0,0,0
4.4341435432,51.2311782837,0,0,0
4.4056515694,51.1943168640,0,0,0
4.4024548531,51.2075958252,0,0,0
4.3406867981,51.2082901001,0,0,0
4.4084033966,51.2153968811,0,0,0
4.4194364548,51.2173233032,0,0,0
4.4083433151,51.2154808044,0,0,0
4.4500050545,51.1995849609,0,0,0
4.4395017624,51.2272453308,0,0,0
4.4134750366,51.2007598877,0,0,0
4.3945484161,51.2032470703,0,0,0
4.3291382790,51.2155227661,0,0,0
4.4194264412,51.2172164917,0,0,0
4.4090051651,51.2123413086,0,0,0
4.4076324000,51.1924971000,0,0,0
4.4074783325,51.1983680725,0,0,0
4.3941249847,51.2038612366,0,0,0
4.3588485718,51.2198066711,0,0,0
4.4193768501,51.2172889709,0,0,0
4.4078102112,51.2209587097,0,0,0
4.3459803000,51.2279978000,0,0,0
4.4375467300,51.2149467468,0,0,0
4.4035568237,51.2074127197,0,0,0
4.3902850151,51.1991500854,0,0,0
4.3773999214,51.2258300781,0,0,0
4.4150948525,51.2259292603,0,0,0
4.4026284218,51.2301979065,0,0,0
4.4416084290,51.2270164490,0,0,0
4.4163866043,51.2228317261,0,0,0
4.3774032593,51.2258644104,0,0,0
4.3784699440,51.2264823914,0,0,0
4.4029684067,51.2319869995,0,0,0
4.4048614502,51.2220230103,0,0,0
4.4045915604,51.2191009521,0,0,0
4.4050998688,51.2191963196,0,0,0
4.4050331116,51.2191467285,0,0,0
4.4025449753,51.2215003967,0,0,0
4.4160518646,51.2356452942,0,0,0
4.4166932106,51.2356300354,0,0,0
4.4168334007,51.2355041504,0,0,0
4.4168848991,51.2359085083,0,0,0
4.4111900330,51.2309303284,0,0,0
4.4019684792,51.2288360596,0,0,0
4.4415583611,51.2211151123,0,0,0
4.4039718000,51.1874591000,0,0,0
4.3879866600,51.2041130066,0,0,0
4.4429216385,51.2195663452,0,0,0
4.3914251328,51.2051048279,0,0,0
4.4091401100,51.2332649231,0,0,0
4.4440050125,51.2170524597,0,0,0
4.4051017761,51.2153739929,0,0,0
4.4017481804,51.2102699280,0,0,0
4.4126901627,51.2301483154,0,0,0
4.4094147682,51.2309532166,0,0,0
4.4495949745,51.2200660706,0,0,0
4.4112935066,51.2167167664,0,0,0
4.4179534912,51.2102317810,0,0,0
4.4115514755,51.2290687561,0,0,0
4.4162335396,51.2159194946,0,0,0
4.4257116318,51.2156372070,0,0,0
4.4480500221,51.2229995728,0,0,0
4.4138517380,51.2324485779,0,0,0
4.4186234474,51.2064933777,0,0,0
4.4020266533,51.2270889282,0,0,0
4.4224600792,51.2097740173,0,0,0
4.4374399185,51.2150535583,0,0,0
4.4260082245,51.2132339478,0,0,0
4.4110751152,51.2317276001,0,0,0
4.4043717384,51.1946449280,0,0,0
4.4229230881,51.2350616455,0,0,0
4.4091501236,51.2340316772,0,0,0
4.4174966812,51.2057151794,0,0,0
4.4151315689,51.2199401855,0,0,0
4.4343433380,51.2313537598,0,0,0
4.4030618668,51.2321357727,0,0,0
4.4286065102,51.2101974487,0,0,0
4.4111552239,51.2316932678,0,0,0
4.3904800415,51.2020378113,0,0,0
4.4382901192,51.2282028198,0,0,0
4.4128150940,51.2301979065,0,0,0
4.4174051285,51.2058982849,0,0,0
4.4066648483,51.2185058594,0,0,0
4.4018082619,51.2302284241,0,0,0
4.4258532524,51.2061538696,0,0,0
4.4030265808,51.2334136963,0,0,0
4.4118266106,51.2308845520,0,0,0
4.3924283981,51.2049751282,0,0,0
4.4395585060,51.2275123596,0,0,0
4.4106402397,51.2114257812,0,0,0
4.4042534828,51.2189636230,0,0,0
4.4458251000,51.2132301331,0,0,0
4.4014968872,51.2297019958,0,0,0
4.4336781502,51.2075119019,0,0,0
4.4004349709,51.2182693481,0,0,0
4.4137716293,51.2257041931,0,0,0
4.3893947601,51.2038764954,0,0,0
4.4362797737,51.2306365967,0,0,0
4.4168601036,51.2013206482,0,0,0
4.4091534615,51.2329368591,0,0,0
4.4096498489,51.2102432251,0,0,0
4.4025349617,51.2228698730,0,0,0
4.4091415405,51.2310943604,0,0,0
4.4017281532,51.2296752930,0,0,0
4.4291701317,51.2060241699,0,0,0
4.4043765068,51.2140312195,0,0,0
4.4103617668,51.2273406982,0,0,0
4.3892965317,51.2039566040,0,0,0
4.3986515999,51.2234420776,0,0,0
4.4084734917,51.2088928223,0,0,0
4.4157967567,51.2227249146,0,0,0
4.4008297920,51.2248268127,0,0,0
4.4083151817,51.2272300720,0,0,0
4.4230532646,51.2111206055,0,0,0
4.3983764648,51.2228126526,0,0,0
4.4104485512,51.2133903503,0,0,0
4.3872699738,51.2061195374,0,0,0
4.4171233177,51.2023544312,0,0,0
4.4031634331,51.2081604004,0,0,0
4.4121117592,51.2082710266,0,0,0
4.4163017273,51.2223396301,0,0,0
4.4366698265,51.2253799438,0,0,0
4.4245266914,51.2120399475,0,0,0
4.4023199081,51.2270317078,0,0,0
4.4058265686,51.2268638611,0,0,0
4.4099383354,51.2125358582,0,0,0
4.4397101402,51.2230873108,0,0,0
4.4000549316,51.2257843018,0,0,0
4.4174933434,51.2116279602,0,0,0
4.4119534493,51.2006416321,0,0,0
4.4150018692,51.2075767517,0,0,0
4.4160265923,51.2223854065,0,0,0
4.4240632057,51.2138748169,0,0,0
4.4022550583,51.2258262634,0,0,0
4.4030017853,51.2307014465,0,0,0
4.4177765846,51.2173538208,0,0,0
4.4420232773,51.2203216553,0,0,0
4.4171380997,51.2185668945,0,0,0
4.4118051529,51.2000350952,0,0,0
4.4151468277,51.2256813049,0,0,0
4.4171881676,51.2093582153,0,0,0
4.4083199501,51.2269515991,0,0,0
4.4138183594,51.2159423828,0,0,0
4.4439783096,51.2162322998,0,0,0
4.4279484749,51.2164573669,0,0,0
4.4166002274,51.2172050476,0,0,0
4.4226517677,51.2005577087,0,0,0
4.4117364883,51.2291107178,0,0,0
4.4337882996,51.2344017029,0,0,0
4.4160833359,51.2071647644,0,0,0
4.4120383263,51.2268600464,0,0,0
4.4127249718,51.2174263000,0,0,0
4.4444751740,51.2177047729,0,0,0
4.4265599251,51.2147102356,0,0,0
4.4213666916,51.2118301392,0,0,0
4.4183964729,51.2017745972,0,0,0
4.4375500679,51.2293853760,0,0,0
4.4122085571,51.2171020508,0,0,0
4.4242367744,51.2106857300,0,0,0
4.4117183685,51.2288856506,0,0,0
4.4116535187,51.2102508545,0,0,0
4.4122319222,51.2095642090,0,0,0
4.4040918350,51.2270202637,0,0,0
4.4424834251,51.2112350464,0,0,0
4.4268050194,51.2139663696,0,0,0
4.4203481674,51.2156066895,0,0,0
4.4234352112,51.2011566162,0,0,0
4.4377164841,51.2272529602,0,0,0
4.4110851288,51.2144775391,0,0,0
4.3987417221,51.2078018188,0,0,0
4.4111232758,51.2348976135,0,0,0
4.4029498100,51.2333526611,0,0,0
4.4049949646,51.2260780334,0,0,0
4.4152350426,51.2068367004,0,0,0
4.4418795000,51.2073672000,0,0,0
4.4375567436,51.2149848938,0,0,0
4.4232883453,51.2107582092,0,0,0
4.4202852249,51.2156143188,0,0,0
4.4184498787,51.2055358887,0,0,0
4.4303984642,51.2298507690,0,0,0
4.4039149284,51.2165336609,0,0,0
4.4106283188,51.2344932556,0,0,0
4.4051117897,51.2214088440,0,0,0
4.4222541000,51.1891047000,0,0,0
4.4309883118,51.2301368713,0,0,0
4.4021716118,51.2279129028,0,0,0
4.4166831970,51.2047386169,0,0,0
4.4190649986,51.2128791809,0,0,0
4.4202952385,51.2156600952,0,0,0
4.4212164879,51.2027969360,0,0,0
4.4138116837,51.2340126038,0,0,0
4.4064617157,51.2152633667,0,0,0
4.4293651581,51.2310333252,0,0,0
4.4211115837,51.2079658508,0,0,0
4.4012031555,51.2268600464,0,0,0
4.4535784721,51.2111701965,0,0,0
4.4157648087,51.2234649658,0,0,0
4.4193634987,51.2191162109,0,0,0
4.4213433266,51.2028427124,0,0,0
4.4142084122,51.2177352905,0,0,0
4.4099149704,51.2333412170,0,0,0
4.4084467888,51.2089767456,0,0,0
4.4180102348,51.2290306091,0,0,0
4.4213433266,51.2028465271,0,0,0
4.4295635223,51.2332382202,0,0,0
4.4181914330,51.2215538025,0,0,0
4.4015035629,51.2280158997,0,0,0
4.4567532539,51.2129325867,0,0,0
4.4159364700,51.2156867981,0,0,0
4.4140000343,51.2208747864,0,0,0
4.4100317955,51.2333488464,0,0,0
4.4052448273,51.2203178406,0,0,0
4.4104099274,51.2042274475,0,0,0
4.4397768974,51.2251510620,0,0,0
4.4214067459,51.2028045654,0,0,0
4.4218001366,51.2328681946,0,0,0
4.4044919014,51.2190895081,0,0,0
4.4018101692,51.2279472351,0,0,0
4.4200968742,51.2020683289,0,0,0
4.4482498169,51.2090415955,0,0,0
4.4133615494,51.2310295105,0,0,0
4.4174466133,51.2151794434,0,0,0
4.4128065109,51.2345275879,0,0,0
4.4258465767,51.2248497009,0,0,0
4.4225602150,51.2018318176,0,0,0
4.4259648323,51.2347488403,0,0,0
4.3992667198,51.2175559998,0,0,0
4.4109835625,51.1991233826,0,0,0
4.3774747849,51.2258491516,0,0,0
4.4202365875,51.2151870728,0,0,0
4.4157700539,51.2229766846,0,0,0
4.4128084183,51.2345085144,0,0,0
4.4225282669,51.2018699646,0,0,0
4.3877916336,51.2089271545,0,0,0
4.4057397842,51.2345275879,0,0,0
4.4084148407,51.1937294006,0,0,0
4.3316416740,51.2194976807,0,0,0
4.4202284813,51.2150764465,0,0,0
4.4057683945,51.2345237732,0,0,0
4.4111747742,51.2354736328,0,0,0
4.4247598648,51.2358665466,0,0,0
4.4225349426,51.2018737793,0,0,0
4.3948698044,51.2123794556,0,0,0
4.4202818871,51.2149429321,0,0,0
4.3406348229,51.2083358765,0,0,0
4.4058880806,51.2332115173,0,0,0
4.4028215408,51.2309417725,0,0,0
4.4127483368,51.2316818237,0,0,0
4.4170098305,51.2309417725,0,0,0
4.4225931168,51.2018089294,0,0,0
4.4316101074,51.2092132568,0,0,0
4.4191584587,51.2173004150,0,0,0
4.4058732987,51.2324600220,0,0,0
4.3785314560,51.2266311646,0,0,0
4.4225916863,51.2017822266,0,0,0
4.4168901444,51.2177772522,0,0,0
4.4053516388,51.2320823669,0,0,0
4.4225468636,51.2018508911,0,0,0
4.4016785622,51.2275276184,0,0,0
4.4054851532,51.2316284180,0,0,0
4.4224867821,51.2020568848,0,0,0
4.4081797600,51.2090225220,0,0,0
4.4052147865,51.2320785522,0,0,0
4.4225301743,51.2020187378,0,0,0
4.4230914116,51.2067756653,0,0,0
4.4028682709,51.2326126099,0,0,0
4.4225535393,51.2019195557,0,0,0
4.4174585342,51.2054557800,0,0,0
4.3903331757,51.2054252625,0,0,0
4.4029316902,51.2326049805,0,0,0
4.4127783775,51.2303199768,0,0,0
4.4276051521,51.2009468079,0,0,0
4.4096131325,51.2069969177,0,0,0
4.3950018883,51.2037200928,0,0,0
4.4029297829,51.2325973511,0,0,0
4.3862233162,51.2299194336,0,0,0
4.4190068245,51.2004051208,0,0,0
4.3938798904,51.2034606934,0,0,0
4.4029965401,51.2323951721,0,0,0
4.4081768990,51.2279052734,0,0,0
4.3882184029,51.2207832336,0,0,0
4.3814549446,51.2192344666,0,0,0
4.4167218208,51.2011566162,0,0,0
4.4166083336,51.2029495239,0,0,0
4.3981065750,51.2008399963,0,0,0
4.4062914848,51.2211380005,0,0,0
4.4054064751,51.2278594971,0,0,0
4.4153881073,51.2250137329,0,0,0
4.4098982811,51.1979904175,0,0,0
4.4061865807,51.2014961243,0,0,0
4.4064350128,51.2210769653,0,0,0
4.4067068100,51.2272529602,0,0,0
4.4062600136,51.2210807800,0,0,0
4.3984818459,51.1963615417,0,0,0
4.4036931992,51.2071685791,0,0,0
4.4063549042,51.2211685181,0,0,0
4.4036631584,51.2071800232,0,0,0
4.4056115151,51.2151641846,0,0,0
4.4117717743,51.1937522888,0,0,0
4.3944768906,51.2060165405,0,0,0
4.4104566574,51.2158355713,0,0,0
4.4086933136,51.1960067749,0,0,0
4.3997068405,51.2051963806,0,0,0
4.4104433060,51.2158088684,0,0,0
4.4045181274,51.1945533752,0,0,0
4.3339600563,51.2349433899,0,0,0
4.4104452133,51.2049484253,0,0,0
4.4106068611,51.2158432007,0,0,0
4.4116902351,51.2288970947,0,0,0
4.4128832817,51.2099494934,0,0,0
4.3774385452,51.2259712219,0,0,0
4.4105167389,51.2160110474,0,0,0
4.4121198654,51.2298736572,0,0,0
4.3913116455,51.2004623413,0,0,0
4.4098768234,51.2040481567,0,0,0
4.3771181107,51.2207260132,0,0,0
4.4102964401,51.2159767151,0,0,0
4.4115881920,51.2301254272,0,0,0
4.3942785263,51.1977424622,0,0,0
4.4153785706,51.1992073059,0,0,0
4.4125485420,51.2308082581,0,0,0
4.3273549080,51.2177162170,0,0,0
4.3942785263,51.1977424622,0,0,0
4.4100399017,51.2161102295,0,0,0
4.4099817276,51.1945800781,0,0,0
4.4245982170,51.2353858948,0,0,0
4.3286485672,51.2102355957,0,0,0
4.4046060000,51.1870951000,0,0,0
4.3944048882,51.1997337341,0,0,0
4.4098715782,51.2161254883,0,0,0
4.4088001251,51.1926383972,0,0,0
4.4399833679,51.2279281616,0,0,0
4.3406734467,51.2079582214,0,0,0
4.3941001892,51.1998100281,0,0,0
4.4098348618,51.2161788940,0,0,0
4.4044051170,51.1969947815,0,0,0
4.4396648407,51.2275199890,0,0,0
4.3407082558,51.2083511353,0,0,0
4.4101901054,51.2025604248,0,0,0
4.4100184441,51.2161445618,0,0,0
4.3292484283,51.2155036926,0,0,0
4.3941650391,51.2037353516,0,0,0
4.4096832275,51.2161941528,0,0,0
4.4133415222,51.2010803223,0,0,0
4.3781299591,51.2260322571,0,0,0
4.4054584503,51.2175025940,0,0,0
4.4076700211,51.1983566284,0,0,0
4.3785119057,51.2256889343,0,0,0
4.4234700203,51.1911964417,0,0,0
4.4080834389,51.2186813354,0,0,0
4.4035315514,51.2073173523,0,0,0
4.4035482407,51.2073211670,0,0,0
4.4010648727,51.2269325256,0,0,0
4.4028401375,51.2301979065,0,0,0
4.4020166397,51.2289848328,0,0,0
4.4041218758,51.2227096558,0,0,0
4.4100551605,51.2064094543,0,0,0
4.4011664391,51.2185668945,0,0,0
4.4046535492,51.2190361023,0,0,0
4.4046049118,51.2190208435,0,0,0
4.4045481682,51.2189483643,0,0,0
4.4044833183,51.2189254761,0,0,0
4.4014816284,51.2272415161,0,0,0
4.4162683487,51.2359962463,0,0,0
4.4164433479,51.2357559204,0,0,0
4.4164180756,51.2355537415,0,0,0
4.3962340000,51.2114028000,0,0,0
4.3953121000,51.2114191000,0,0,0
4.3953779000,51.2113114000,0,0,0
4.3954305000,51.2112084000,0,0,0
4.3953004000,51.2113205000,0,0,0
4.3954856000,51.2114134000,0,0,0
4.3955425000,51.2113596000,0,0,0
4.3951452000,51.2113376000,0,0,0
4.3951969000,51.2114008000,0,0,0
4.3952021000,51.2113433000,0,0,0
4.3953698000,51.2113721000,0,0,0
4.3952744000,51.2113881000,0,0,0
4.3953921000,51.2113281000,0,0,0
4.3952957000,51.2112719000,0,0,0
4.3953340000,51.2112538000,0,0,0
4.3952452000,51.2111561000,0,0,0
4.3961335000,51.2119857000,0,0,0
4.3953898000,51.2113383000,0,0,0
4.3955800000,51.2114639000,0,0,0
4.3953206000,51.2113435000,0,0,0
4.3951842000,51.2112336000,0,0,0
4.3952974000,51.2114305000,0,0,0
4.3955150000,51.2114779000,0,0,0
4.3956428000,51.2114426000,0,0,0
4.3955348000,51.2113736000,0,0,0
4.3957797000,51.2114731000,0,0,0
4.3955274000,51.2113542000,0,0,0
4.3954943000,51.2113823000,0,0,0
4.3956037000,51.2113408000,0,0,0
4.3955606000,51.2114788000,0,0,0
4.3957212000,51.2115134000,0,0,0
4.3961862000,51.2115703000,0,0,0
4.3958208000,51.2117307000,0,0,0
4.3956502000,51.2116306000,0,0,0
4.3952687000,51.2114128000,0,0,0
4.3954880000,51.2114182000,0,0,0
4.3955296000,51.2111950000,0,0,0
4.3954999000,51.2113272000,0,0,0
4.3953656000,51.2112175000,0,0,0
4.3954014000,51.2112371000,0,0,0
4.3954381000,51.2112327000,0,0,0
4.3954456000,51.2111558000,0,0,0
4.3953551000,51.2112246000,0,0,0
4.3953875000,51.2112775000,0,0,0
4.3954206000,51.2112260000,0,0,0
4.4161267281,51.2359275818,0,0,0
4.3955902000,51.2113316000,0,0,0
4.4163451195,51.2359809875,0,0,0
4.3955191000,51.2113505000,0,0,0
4.4164099693,51.2359352112,0,0,0
4.3952632000,51.2111071000,0,0,0
4.3956678000,51.2113979000,0,0,0
4.3954596000,51.2112842000,0,0,0
4.3953667000,51.2113374000,0,0,0
4.3953578000,51.2112177000,0,0,0
4.3954450000,51.2113463000,0,0,0
4.3955993000,51.2114234000,0,0,0
4.3954685000,51.2114288000,0,0,0
4.4145765305,51.2259864807,0,0,0
4.3954421000,51.2113971000,0,0,0
4.3952401000,51.2114391000,0,0,0
4.3356752396,51.2144546509,0,0,0
4.4176368713,51.2056083679,0,0,0
4.4053783417,51.2267951965,0,0,0
4.3953501000,51.2115363000,0,0,0
4.3263416290,51.2104911804,0,0,0
4.4177999497,51.2056350708,0,0,0
4.3861317635,51.2272300720,0,0,0
4.3953029000,51.2114731000,0,0,0
4.4091682434,51.2336769104,0,0,0
4.3279285431,51.2104377747,0,0,0
4.4094781876,51.2105674744,0,0,0
4.3782835007,51.2185783386,0,0,0
4.3952651000,51.2114510000,0,0,0
4.4180464745,51.2262878418,0,0,0
4.4165883064,51.2172813416,0,0,0
4.3328580856,51.2121849060,0,0,0
4.4482483864,51.2091560364,0,0,0
4.4346966744,51.2090492249,0,0,0
4.3406567574,51.2083396912,0,0,0
4.3953209000,51.2115333000,0,0,0
4.3292198181,51.2155227661,0,0,0
4.4230051041,51.2244300842,0,0,0
4.3953463000,51.2115191000,0,0,0
4.4165349007,51.2172889709,0,0,0
4.4527816773,51.2194938660,0,0,0
4.4332318306,51.2085914612,0,0,0
4.3407001495,51.2083549500,0,0,0
4.4258818626,51.2216415405,0,0,0
4.3955450000,51.2112800000,0,0,0
4.4270648956,51.2178688049,0,0,0
4.4137282372,51.2262191772,0,0,0
4.4296865463,51.2085800171,0,0,0
4.3953662000,51.2112651000,0,0,0
4.4202132225,51.2241630554,0,0,0
4.4294481278,51.2170219421,0,0,0
4.4399065971,51.2214012146,0,0,0
4.4091835022,51.2343711853,0,0,0
4.4253983498,51.2075729370,0,0,0
4.3953685000,51.2113679000,0,0,0
4.4052433968,51.2267799377,0,0,0
4.4208135605,51.2195549011,0,0,0
4.4320549965,51.2180252075,0,0,0
4.4091482163,51.2334518433,0,0,0
4.4263601303,51.2088775635,0,0,0
4.3953287000,51.2114091000,0,0,0
4.3281297684,51.2188301086,0,0,0
4.4172034264,51.2158584595,0,0,0
4.4282851219,51.2187652588,0,0,0
4.3951761000,51.2112878000,0,0,0
4.4376535416,51.2148475647,0,0,0
4.4394764900,51.2186431885,0,0,0
4.4051485062,51.2319602966,0,0,0
4.4256234169,51.2049484253,0,0,0
4.3335251808,51.2211494446,0,0,0
4.4196615219,51.2248306274,0,0,0
4.3954211000,51.2114117000,0,0,0
4.4279751778,51.2211570740,0,0,0
4.4422202110,51.2115974426,0,0,0
4.4446148872,51.2164802551,0,0,0
4.4061031342,51.2280654907,0,0,0
4.3399333954,51.2182006836,0,0,0
4.4214515686,51.2181015015,0,0,0
4.3954549000,51.2113782000,0,0,0
4.4388551712,51.2241859436,0,0,0
4.4442734718,51.2152214050,0,0,0
4.4339265823,51.2116851807,0,0,0
4.4049115181,51.2271575928,0,0,0
4.4136166573,51.2049942017,0,0,0
4.3954118000,51.2114898000,0,0,0
4.4394583702,51.2273178101,0,0,0
4.4394483566,51.2227401733,0,0,0
4.4425783157,51.2155227661,0,0,0
4.4326348305,51.2094802856,0,0,0
4.4001998901,51.2261543274,0,0,0
4.4253902435,51.2033996582,0,0,0
4.3953832000,51.2113106000,0,0,0
4.3465814591,51.2101860046,0,0,0
4.4393115044,51.2273445129,0,0,0
4.4364233017,51.2199897766,0,0,0
4.4358801842,51.2179641724,0,0,0
4.4340534210,51.2125587463,0,0,0
4.3953172000,51.2112557000,0,0,0
4.4024868012,51.2210807800,0,0,0
4.4170117378,51.2045707703,0,0,0
4.3468985558,51.2077903748,0,0,0
4.4472384453,51.2130699158,0,0,0
4.3951728000,51.2111789000,0,0,0
4.4326066971,51.2206764221,0,0,0
4.4345998764,51.2165298462,0,0,0
4.4342184067,51.2139167786,0,0,0
4.4026899338,51.2231101990,0,0,0
4.4240064621,51.2098312378,0,0,0
4.4049949646,51.2260246277,0,0,0
4.3383331299,51.2083969116,0,0,0
4.4409098625,51.2135848999,0,0,0
4.3954269000,51.2112566000,0,0,0
4.4281301498,51.2245254517,0,0,0
4.4375801086,51.2164955139,0,0,0
4.4375548363,51.2126693726,0,0,0
4.4187116623,51.2061347961,0,0,0
4.3953042000,51.2111181000,0,0,0
4.3494548798,51.2058334351,0,0,0
4.4394416809,51.2139549255,0,0,0
4.4243984222,51.2254562378,0,0,0
4.4282183647,51.2174301147,0,0,0
4.4323081970,51.2173995972,0,0,0
4.4316916466,51.2092971802,0,0,0
4.3954626000,51.2112183000,0,0,0
4.4155116081,51.2017555237,0,0,0
4.4084916115,51.2224807739,0,0,0
4.3377785683,51.2044067383,0,0,0
4.4398684502,51.2277221680,0,0,0
4.4163866043,51.2169914246,0,0,0
4.4397234917,51.2138900757,0,0,0
4.3953729000,51.2112206000,0,0,0
4.4290251732,51.2107658386,0,0,0
4.4162750244,51.2030982971,0,0,0
4.4099597931,51.2250823975,0,0,0
4.3367733955,51.2010498047,0,0,0
4.3955246000,51.2113853000,0,0,0
4.4043116570,51.2187461853,0,0,0
4.4303264618,51.2320289612,0,0,0
4.4299468994,51.2115287781,0,0,0
4.4185767174,51.2060699463,0,0,0
4.4138298035,51.2251510620,0,0,0
4.4299435616,51.2115135193,0,0,0
4.3258833885,51.1971168518,0,0,0
4.3954703000,51.2112907000,0,0,0
4.4141416550,51.2245025635,0,0,0
4.4293718338,51.2327995300,0,0,0
4.4211750031,51.2000579834,0,0,0
4.4498467445,51.1975059509,0,0,0
4.3863234520,51.2288246155,0,0,0
4.4260897636,51.2122268677,0,0,0
4.3955799000,51.2113824000,0,0,0
4.4210968018,51.2297134399,0,0,0
4.4346833229,51.2270965576,0,0,0
4.4566249847,51.1996536255,0,0,0
4.4212684631,51.2008285522,0,0,0
4.3955211000,51.2114334000,0,0,0
4.3807415962,51.2334861755,0,0,0
4.4259281158,51.2154693604,0,0,0
4.3668217659,51.2192764282,0,0,0
4.4276466370,51.2232208252,0,0,0
4.3956461000,51.2113927000,0,0,0
4.4558835030,51.1975708008,0,0,0
4.4273648262,51.2173309326,0,0,0
4.3829951286,51.2334289551,0,0,0
4.4268784523,51.2117919922,0,0,0
4.3668851852,51.2188453674,0,0,0
4.4319667816,51.2240829468,0,0,0
4.3953627000,51.2113883000,0,0,0
4.4332032204,51.2255020142,0,0,0
4.4482784271,51.2002182007,0,0,0
4.3860483170,51.2283554077,0,0,0
4.4165749550,51.2132682800,0,0,0
4.3766250610,51.2185516357,0,0,0
4.4425282478,51.2292404175,0,0,0
4.3951145000,51.2111600000,0,0,0
4.4314284325,51.2274818420,0,0,0
4.4492235184,51.2038803101,0,0,0
4.3894367218,51.2272377014,0,0,0
4.4154314995,51.2151298523,0,0,0
4.3770332336,51.2204780579,0,0,0
4.3953271000,51.2113596000,0,0,0
4.4203648567,51.2223434448,0,0,0
4.3955286000,51.2112246000,0,0,0
4.4205284119,51.2218208313,0,0,0
4.3791050911,51.2237815857,0,0,0
4.4163918495,51.2169685364,0,0,0
4.3804416657,51.2202301025,0,0,0
4.3954073000,51.2113835000,0,0,0
4.4470634460,51.2088813782,0,0,0
4.3599848747,51.2192382812,0,0,0
4.4193935394,51.2214393616,0,0,0
4.4193301201,51.2164535522,0,0,0
4.3842902184,51.2202415466,0,0,0
4.3872666359,51.2200889587,0,0,0
4.3954921000,51.2113677000,0,0,0
4.4535999298,51.2104301453,0,0,0
4.3800897598,51.2286643982,0,0,0
4.4186515808,51.2246437073,0,0,0
4.4218568802,51.2132034302,0,0,0
4.3955793000,51.2112326000,0,0,0
4.4208917618,51.2350959778,0,0,0
4.4218349457,51.2132225037,0,0,0
4.3955297000,51.2113575000,0,0,0
4.3785214424,51.2268371582,0,0,0
4.3958289000,51.2114755000,0,0,0
4.4158568382,51.2243423462,0,0,0
4.3954902000,51.2111808000,0,0,0
4.3952839000,51.2111742000,0,0,0
4.4116449356,51.2270851135,0,0,0
4.3956357000,51.2111817000,0,0,0
4.3954679000,51.2112724000,0,0,0
4.3956980000,51.2114968000,0,0,0
4.3956489000,51.2113540000,0,0,0
4.3954858000,51.2113168000,0,0,0
4.3957791000,51.2113682000,0,0,0
4.3955072000,51.2113272000,0,0,0
4.3955956000,51.2113734000,0,0,0
4.3954678000,51.2112535000,0,0,0
4.3952528000,51.2114387000,0,0,0
4.3952593000,51.2113188000,0,0,0
4.3953289000,51.2115964000,0,0,0
4.3952331000,51.2114125000,0,0,0
4.3953995000,51.2114271000,0,0,0
4.3952959000,51.2114380000,0,0,0
4.3954159000,51.2115301000,0,0,0
4.3955314000,51.2115010000,0,0,0
4.3955613000,51.2113813000,0,0,0
4.3953485000,51.2112148000,0,0,0
4.3953919000,51.2112483000,0,0,0
4.3955624000,51.2114276000,0,0,0
4.3956485000,51.2115630000,0,0,0
4.4018392000,51.2279282000,0,0,0
4.4164714813,51.2358474731,0,0,0
4.4164500237,51.2353630066,0,0,0
4.4167151451,51.2351799011,0,0,0
4.4163465500,51.2358665466,0,0,0
4.3986380000,51.2237573000,0,0,0
4.3949620000,51.2123933000,0,0,0
4.3951172000,51.2123484000,0,0,0
4.3950669000,51.2124617000,0,0,0
4.3949376000,51.2122533000,0,0,0
4.3948607000,51.2121797000,0,0,0
4.3948999000,51.2122252000,0,0,0
4.3947840000,51.2121766000,0,0,0
4.3950226000,51.2122964000,0,0,0
4.3948174000,51.2123892000,0,0,0
4.3947982000,51.2124013000,0,0,0
4.3949311000,51.2122728000,0,0,0
4.3943917000,51.2124916000,0,0,0
4.3948797000,51.2122972000,0,0,0
4.3949185000,51.2123937000,0,0,0
4.3949626000,51.2123387000,0,0,0
4.3950519000,51.2123170000,0,0,0
4.3951337000,51.2122550000,0,0,0
4.3947778000,51.2122369000,0,0,0
4.3952341000,51.2125345000,0,0,0
4.3946899000,51.2121488000,0,0,0
4.3948039000,51.2122013000,0,0,0
4.3950000000,51.2122864000,0,0,0
4.4158935547,51.2357406616,0,0,0
4.3949788000,51.2126010000,0,0,0
4.3949663000,51.2124541000,0,0,0
4.4158115387,51.2357521057,0,0,0
4.3949498000,51.2124177000,0,0,0
4.4161500931,51.2358016968,0,0,0
4.3952097000,51.2124442000,0,0,0
4.4171133041,51.2355842590,0,0,0
4.3952328000,51.2124619000,0,0,0
4.4172215462,51.2357711792,0,0,0
4.3951582000,51.2123371000,0,0,0
4.3950504000,51.2123590000,0,0,0
4.4170632362,51.2358207703,0,0,0
4.4170718193,51.2358093262,0,0,0
4.3950235000,51.2122573000,0,0,0
4.4172515869,51.2357215881,0,0,0
4.3950356000,51.2122656000,0,0,0
4.3948771000,51.2120614000,0,0,0
4.4173650742,51.2356185913,0,0,0
4.3950348000,51.2124538000,0,0,0
4.4175834656,51.2354774475,0,0,0
4.3950179000,51.2123835000,0,0,0
4.4177150726,51.2353057861,0,0,0
4.3950416000,51.2123602000,0,0,0
4.4180731773,51.2354278564,0,0,0
4.3949973000,51.2124116000,0,0,0
4.3946733000,51.2124471000,0,0,0
4.4187035561,51.2354888916,0,0,0
4.3946432000,51.2125203000,0,0,0
4.4193081856,51.2355804443,0,0,0
4.3947576000,51.2124213000,0,0,0
4.4200816155,51.2353668213,0,0,0
4.3947813000,51.2122642000,0,0,0
4.4202117920,51.2345428467,0,0,0
4.3948000000,51.2121992000,0,0,0
4.3945289000,51.2122971000,0,0,0
4.4196515083,51.2338790894,0,0,0
4.3949896000,51.2123209000,0,0,0
4.4189281464,51.2332916260,0,0,0
4.3948353000,51.2122721000,0,0,0
4.4185132980,51.2333679199,0,0,0
4.3949181000,51.2120908000,0,0,0
4.4176268578,51.2331466675,0,0,0
4.3951255000,51.2121841000,0,0,0
4.3952120000,51.2121864000,0,0,0
4.4167699814,51.2331428528,0,0,0
4.3952654000,51.2121709000,0,0,0
4.4161901474,51.2333641052,0,0,0
4.3948155000,51.2122773000,0,0,0
4.4155435562,51.2335700989,0,0,0
4.3952836000,51.2123631000,0,0,0
4.4166150093,51.2335548401,0,0,0
4.3948911000,51.2124110000,0,0,0
4.3951493000,51.2123549000,0,0,0
4.4169201851,51.2333412170,0,0,0
4.3949563000,51.2123502000,0,0,0
4.4172382355,51.2333984375,0,0,0
4.3949244000,51.2122950000,0,0,0
4.4174952507,51.2334556580,0,0,0
4.3951211000,51.2122562000,0,0,0
4.4175734520,51.2333526611,0,0,0
4.3949344000,51.2123846000,0,0,0
4.4174785614,51.2333068848,0,0,0
4.3952221000,51.2126683000,0,0,0
4.4175415039,51.2331657410,0,0,0
4.3950899000,51.2123867000,0,0,0
4.4177465439,51.2329139709,0,0,0
4.3951338000,51.2124543000,0,0,0
4.3950301000,51.2124386000,0,0,0
4.4178447723,51.2329330444,0,0,0
4.3950315000,51.2124941000,0,0,0
4.4181699753,51.2330703735,0,0,0
4.3951638000,51.2125346000,0,0,0
4.4183516502,51.2330970764,0,0,0
4.3950427000,51.2123060000,0,0,0
4.4183964729,51.2330970764,0,0,0
4.3949142000,51.2122413000,0,0,0
4.3949372000,51.2125164000,0,0,0
4.4182915688,51.2331428528,0,0,0
4.3950766000,51.2122729000,0,0,0
4.4183630943,51.2331504822,0,0,0
4.3950648000,51.2123767000,0,0,0
4.4178814888,51.2353286743,0,0,0
4.3948728000,51.2123989000,0,0,0
4.4176764488,51.2356910706,0,0,0
4.3945440000,51.2124216000,0,0,0
4.3949524000,51.2124086000,0,0,0
4.4175748825,51.2358207703,0,0,0
4.3949220000,51.2123489000,0,0,0
4.4173798561,51.2358474731,0,0,0
4.3948617000,51.2124350000,0,0,0
4.4169502258,51.2359542847,0,0,0
4.3949744000,51.2123592000,0,0,0
4.3947815000,51.2124715000,0,0,0
4.3950318000,51.2124065000,0,0,0
4.3950144000,51.2124503000,0,0,0
4.3950540000,51.2125487000,0,0,0
4.3949234000,51.2124406000,0,0,0
4.3948380000,51.2123259000,0,0,0
4.3948830000,51.2123734000,0,0,0
4.3951025000,51.2123463000,0,0,0
4.3950472000,51.2121828000,0,0,0
4.3950473000,51.2120049000,0,0,0
4.3950214000,51.2122175000,0,0,0
4.3949567000,51.2121241000,0,0,0
4.3951274000,51.2122652000,0,0,0
4.3950381000,51.2122026000,0,0,0
4.3949474000,51.2124220000,0,0,0
4.3950967000,51.2124482000,0,0,0
4.3949678000,51.2123975000,0,0,0
4.3948355000,51.2123551000,0,0,0
4.3949706000,51.2120370000,0,0,0
4.3947948000,51.2124748000,0,0,0
4.3950121000,51.2123569000,0,0,0
4.3949594000,51.2125294000,0,0,0
4.3949662000,51.2123597000,0,0,0
4.3950727000,51.2123396000,0,0,0
4.3951521000,51.2124914000,0,0,0
4.3952728000,51.2122333000,0,0,0
4.3949228000,51.2123875000,0,0,0
4.3949449000,51.2120283000,0,0,0
4.3949292000,51.2121874000,0,0,0
4.4353568000,51.2339319000,0,0,0
4.4165234566,51.2359809875,0,0,0
4.3919887000,51.2055717000,0,0,0
4.3945348000,51.2119242000,0,0,0
4.3945094000,51.2118461000,0,0,0
4.3945132000,51.2118878000,0,0,0
4.3946094000,51.2117364000,0,0,0
4.3946850000,51.2119546000,0,0,0
4.3945027000,51.2117847000,0,0,0
4.3943180000,51.2117438000,0,0,0
4.3946246000,51.2118424000,0,0,0
4.3946397000,51.2118046000,0,0,0
4.3944332000,51.2117862000,0,0,0
4.3942566000,51.2115873000,0,0,0
4.3943756000,51.2117183000,0,0,0
4.3942500000,51.2118300000,0,0,0
4.3940322000,51.2115863000,0,0,0
4.3944038000,51.2115999000,0,0,0
4.3942974000,51.2117036000,0,0,0
4.3943165000,51.2118352000,0,0,0
4.3941141000,51.2117009000,0,0,0
4.3944502000,51.2118983000,0,0,0
4.3946773000,51.2118622000,0,0,0
4.3944904000,51.2116667000,0,0,0
4.3940317000,51.2116835000,0,0,0
4.3943463000,51.2118729000,0,0,0
4.3943533000,51.2118225000,0,0,0
4.3946743000,51.2119328000,0,0,0
4.3941076000,51.2118358000,0,0,0
4.3943596000,51.2118703000,0,0,0
4.3942825000,51.2118781000,0,0,0
4.3944946000,51.2117309000,0,0,0
4.3945317000,51.2117792000,0,0,0
4.3945656000,51.2118140000,0,0,0
4.3946885000,51.2118510000,0,0,0
4.3944693000,51.2115929000,0,0,0
4.3946639000,51.2120415000,0,0,0
4.3946407000,51.2119541000,0,0,0
4.3947825000,51.2121634000,0,0,0
4.3948212000,51.2120957000,0,0,0
4.3946333000,51.2119080000,0,0,0
4.3945996000,51.2118356000,0,0,0
4.3944766000,51.2118139000,0,0,0
4.3946227000,51.2119658000,0,0,0
4.3946005000,51.2118457000,0,0,0
4.3945893000,51.2118323000,0,0,0
4.3947237000,51.2119656000,0,0,0
4.3947430000,51.2119328000,0,0,0
4.3945771000,51.2118499000,0,0,0
4.3945483000,51.2118278000,0,0,0
4.3943125000,51.2116400000,0,0,0
4.3945311000,51.2117862000,0,0,0
4.3944131000,51.2118658000,0,0,0
4.3946650000,51.2117824000,0,0,0
4.3943801000,51.2117207000,0,0,0
4.3944991000,51.2118001000,0,0,0
4.3944292000,51.2118020000,0,0,0
4.3943573000,51.2117316000,0,0,0
4.3946040000,51.2118624000,0,0,0
4.3944054000,51.2115872000,0,0,0
4.3943713000,51.2115477000,0,0,0
4.3943625000,51.2115927000,0,0,0
4.3944063000,51.2116073000,0,0,0
4.3944775000,51.2117848000,0,0,0
4.3944942000,51.2117643000,0,0,0
4.3945317000,51.2118856000,0,0,0
4.4030365944,51.2313079834,0,0,0
4.4410147667,51.2217826843,0,0,0
4.4122166634,51.2308998108,0,0,0
4.3945989000,51.2118196000,0,0,0
4.3866167069,51.2071304321,0,0,0
4.4416432381,51.2201309204,0,0,0
4.4093585014,51.2117958069,0,0,0
4.3945898000,51.2118754000,0,0,0
4.4415831566,51.2195434570,0,0,0
4.4115433693,51.2276725769,0,0,0
4.3906216621,51.2048454285,0,0,0
4.3942291000,51.2115939000,0,0,0
4.4137816429,51.2152748108,0,0,0
4.4445614815,51.2164268494,0,0,0
4.4019083977,51.2269287109,0,0,0
4.3942626000,51.2118543000,0,0,0
4.4109883308,51.2131767273,0,0,0
4.4030351639,51.2165489197,0,0,0
4.4434700012,51.2188682556,0,0,0
4.3943280000,51.2119223000,0,0,0
4.4140448570,51.2265777588,0,0,0
4.4150533676,51.2199478149,0,0,0
4.4174551964,51.2220916748,0,0,0
4.4224534035,51.2137336731,0,0,0
4.4056434631,51.2167167664,0,0,0
4.4496316910,51.2200355530,0,0,0
4.3945663000,51.2119324000,0,0,0
4.4110999107,51.2311286926,0,0,0
4.4234533310,51.2071762085,0,0,0
4.4058685303,51.2183265686,0,0,0
4.4257631302,51.2150611877,0,0,0
4.4170665741,51.2188262939,0,0,0
4.4184951782,51.2062034607,0,0,0
4.3943600000,51.2119565000,0,0,0
4.4129815102,51.2189483643,0,0,0
4.4500966072,51.2199859619,0,0,0
4.4110951424,51.2311592102,0,0,0
4.4165148735,51.2063865662,0,0,0
4.4127697945,51.2128562927,0,0,0
4.4044351578,51.2189445496,0,0,0
4.4261651039,51.2115516663,0,0,0
4.4130468369,51.2106933594,0,0,0
4.3941944000,51.2118918000,0,0,0
4.4043169022,51.1948547363,0,0,0
4.4258098602,51.2109146118,0,0,0
4.4375648499,51.2148933411,0,0,0
4.4109950066,51.2309951782,0,0,0
4.4083499908,51.2091217041,0,0,0
4.4005718231,51.2260284424,0,0,0
4.3942167000,51.2117731000,0,0,0
4.4169502258,51.2121086121,0,0,0
4.4205899239,51.2099266052,0,0,0
4.4154834747,51.2237281799,0,0,0
4.4138484001,51.2258300781,0,0,0
4.3943560000,51.2116846000,0,0,0
4.4175448418,51.2056083679,0,0,0
4.3993701935,51.2232933044,0,0,0
4.4175281525,51.2168197632,0,0,0
4.3936119080,51.2041854858,0,0,0
4.4265718460,51.2082557678,0,0,0
4.4049401283,51.2117996216,0,0,0
4.4094114304,51.2256050110,0,0,0
4.4165549278,51.2029495239,0,0,0
4.4285583496,51.2024726868,0,0,0
4.3946319000,51.2117767000,0,0,0
4.4007668495,51.2260932922,0,0,0
4.4194316864,51.2173385620,0,0,0
4.3942718506,51.2049484253,0,0,0
4.4329214096,51.2090530396,0,0,0
4.4035348892,51.2159233093,0,0,0
4.4161181450,51.2217597961,0,0,0
4.3946170000,51.2119911000,0,0,0
4.4502669000,51.2166738000,0,0,0
4.4123148918,51.2065734863,0,0,0
4.4227380753,51.2042541504,0,0,0
4.4031314850,51.2308235168,0,0,0
4.4198651314,51.2192649841,0,0,0
4.3945956000,51.2118342000,0,0,0
4.3893966675,51.2039833069,0,0,0
4.4325199127,51.2070732117,0,0,0
4.4367365837,51.2252273560,0,0,0
4.4162650108,51.2217750549,0,0,0
4.4106631279,51.2145233154,0,0,0
4.4094567299,51.2104415894,0,0,0
4.3945861000,51.2118682000,0,0,0
4.4092249870,51.2335548401,0,0,0
4.4196567535,51.2214813232,0,0,0
4.4078884125,51.2102584839,0,0,0
4.3874249458,51.2061996460,0,0,0
4.4281415939,51.2061614990,0,0,0
4.4422883987,51.2203178406,0,0,0
4.4163017273,51.2217788696,0,0,0
4.4134082794,51.2168426514,0,0,0
4.3945271000,51.2118280000,0,0,0
4.4152598381,51.2025413513,0,0,0
4.4166083336,51.2174148560,0,0,0
4.4122133255,51.2071800232,0,0,0
4.4036102295,51.2311973572,0,0,0
4.4243531227,51.2087135315,0,0,0
4.4431300163,51.2145347595,0,0,0
4.4166817665,51.2217674255,0,0,0
4.4137616158,51.2172813416,0,0,0
4.3947127000,51.2119024000,0,0,0
4.4062900543,51.2010688782,0,0,0
4.4180583954,51.2144813538,0,0,0
4.4174785614,51.2111473083,0,0,0
4.4256901741,51.2118530273,0,0,0
4.4428234100,51.2130203247,0,0,0
4.4012432098,51.2254867554,0,0,0
4.3947528000,51.2119855000,0,0,0
4.4141850472,51.2285118103,0,0,0
4.4155216217,51.2215881348,0,0,0
4.4119668007,51.2005500793,0,0,0
4.4183630943,51.2145347595,0,0,0
4.4136381149,51.2092552185,0,0,0
4.3946021000,51.2117959000,0,0,0
4.4226183891,51.2137413025,0,0,0
4.4430317879,51.2119216919,0,0,0
4.4117264748,51.2286682129,0,0,0
4.4090600014,51.2309837341,0,0,0
4.4084849358,51.2113990784,0,0,0
4.4120101929,51.2005462646,0,0,0
4.4101781845,51.2126617432,0,0,0
4.4188599587,51.2143325806,0,0,0
4.3947381000,51.2119927000,0,0,0
4.4156165123,51.2095642090,0,0,0
4.4412484169,51.2103462219,0,0,0
4.4251885414,51.2136955261,0,0,0
4.4116702080,51.2290267944,0,0,0
4.3947128000,51.2119018000,0,0,0
4.4121332169,51.2004203796,0,0,0
4.4124250412,51.2151947021,0,0,0
4.4187884331,51.2143363953,0,0,0
4.4383001328,51.2141685486,0,0,0
4.4126100540,51.2307815552,0,0,0
4.3945887000,51.2118666000,0,0,0
4.4118752480,51.1999015808,0,0,0
4.4089965820,51.2122764587,0,0,0
4.4187464714,51.2144813538,0,0,0
4.4055233002,51.2170906067,0,0,0
4.4135651588,51.2049331665,0,0,0
4.4502582550,51.2116470337,0,0,0
4.4163651466,51.2222442627,0,0,0
4.4272565842,51.2139968872,0,0,0
4.3943529000,51.2118387000,0,0,0
4.4188785553,51.2151985168,0,0,0
4.4139099121,51.2063713074,0,0,0
4.3944115000,51.2119269000,0,0,0
4.4186782837,51.2149887085,0,0,0
4.4546852112,51.2121086121,0,0,0
4.4105415344,51.2345352173,0,0,0
4.4239850044,51.2107620239,0,0,0
4.4043798447,51.2191429138,0,0,0
4.4233665466,51.2016105652,0,0,0
4.4083185196,51.2128448486,0,0,0
4.3945477000,51.2119379000,0,0,0
4.4093499184,51.2038192749,0,0,0
4.4108934403,51.2081985474,0,0,0
4.4186081886,51.2155990601,0,0,0
4.4137768745,51.2355766296,0,0,0
4.4188532829,51.2104682922,0,0,0
4.4091482163,51.2320404053,0,0,0
4.3942636000,51.2118539000,0,0,0
4.4034934044,51.2198486328,0,0,0
4.4233698845,51.2015419006,0,0,0
4.4200916290,51.2021064758,0,0,0
4.4095368385,51.2132225037,0,0,0
4.4084949493,51.2089653015,0,0,0
4.4184150696,51.2156486511,0,0,0
4.3792767525,51.2201881409,0,0,0
4.4111747742,51.2332839966,0,0,0
4.4200201035,51.2122802734,0,0,0
4.4212684631,51.2180061340,0,0,0
4.3944489000,51.2117332000,0,0,0
4.4112367630,51.2332649231,0,0,0
4.3932967186,51.2091140747,0,0,0
4.4232735634,51.2014961243,0,0,0
4.4100866318,51.2134399414,0,0,0
4.4090948105,51.2105560303,0,0,0
4.4173331261,51.2187805176,0,0,0
4.4429168701,51.2082939148,0,0,0
4.4161114693,51.2146186829,0,0,0
4.3944655000,51.2117204000,0,0,0
4.4375748634,51.2150268555,0,0,0
4.4112501144,51.2333450317,0,0,0
4.4345316887,51.2090797424,0,0,0
4.4232401848,51.2015800476,0,0,0
4.4084382057,51.1937446594,0,0,0
4.4107651711,51.2136421204,0,0,0
4.4151902199,51.2084617615,0,0,0
4.3945177000,51.2119745000,0,0,0
4.4232797623,51.2016563416,0,0,0
4.4091415405,51.2352142334,0,0,0
4.4273748398,51.2263717651,0,0,0
4.4207568169,51.2141494751,0,0,0
4.4120917320,51.2339248657,0,0,0
4.3942623000,51.2117936000,0,0,0
4.4164934158,51.2074279785,0,0,0
4.4232783318,51.2017326355,0,0,0
4.4127101898,51.2344779968,0,0,0
4.4165401459,51.2171516418,0,0,0
4.3943369000,51.2118223000,0,0,0
4.4152331352,51.2039680481,0,0,0
4.4232234955,51.2017402649,0,0,0
4.4111866951,51.2357101440,0,0,0
4.4166297913,51.2170715332,0,0,0
4.3944936000,51.2117362000,0,0,0
4.4169468880,51.2046356201,0,0,0
4.4231815338,51.2017364502,0,0,0
4.3944947000,51.2118873000,0,0,0
4.4128365517,51.2333564758,0,0,0
4.4188318253,51.2084808350,0,0,0
4.3941360000,51.2118192000,0,0,0
4.4231967926,51.2016983032,0,0,0
4.4427947998,51.2285041809,0,0,0
4.3943091000,51.2118070000,0,0,0
4.4144134522,51.2070808411,0,0,0
4.4232149124,51.2016983032,0,0,0
4.3946975000,51.2117604000,0,0,0
4.4429149628,51.2094955444,0,0,0
4.4115500450,51.2099838257,0,0,0
4.3944275000,51.2117498000,0,0,0
4.4232831001,51.2069625854,0,0,0
4.4115548134,51.2097892761,0,0,0
4.3865866661,51.2303504944,0,0,0
4.4215135574,51.2001762390,0,0,0
4.3942552000,51.2116743000,0,0,0
4.4174833298,51.2056045532,0,0,0
4.4053001404,51.2174072266,0,0,0
4.3881449699,51.2207145691,0,0,0
4.3943318000,51.2117679000,0,0,0
4.4215202332,51.2001762390,0,0,0
4.4101881981,51.2055358887,0,0,0
4.3943489000,51.2117444000,0,0,0
4.4091348648,51.2330970764,0,0,0
4.3778114319,51.2274169922,0,0,0
4.4239401817,51.2040786743,0,0,0
