858.64,916.25,14.8,4,2
858.64,916.25,14.8,4,2
858.64,916.25,14.8,4,2
858.64,916.25,14.8,4,2
858.64,916.25,14.8,4,2
858.64,916.25,14.8,4,2
858.64,916.25,14.8,4,2
858.64,916.25,14.8,4,2
858.64,916.25,14.8,4,2
858.64,916.25,14.8,4,2
860.91,915.25,14.8,4,2
860.91,915.25,14.8,4,2
860.91,915.25,14.8,4,2
860.91,915.25,14.8,4,2
860.91,915.25,14.8,4,2
860.91,915.25,14.8,4,2
860.91,915.25,14.8,4,2
860.91,915.25,14.8,4,2
860.91,915.25,14.8,4,2
860.91,915.25,14.8,4,2
862.43,913.3,14.8,4,2
862.43,913.3,14.8,4,2
862.43,913.3,14.8,4,2
862.43,913.3,14.8,4,2
862.43,913.3,14.8,4,2
862.43,913.3,14.8,4,2
862.43,913.3,14.8,4,2
862.43,913.3,14.8,4,2
862.43,913.3,14.8,4,2
862.43,913.3,14.8,4,2
863.95,911.35,14.8,4,2
863.95,911.35,14.8,4,2
863.95,911.35,14.8,4,2
863.95,911.35,14.8,4,2
863.95,911.35,14.8,4,2
863.95,911.35,14.8,4,2
863.95,911.35,14.8,4,2
863.95,911.35,14.8,4,2
863.95,911.35,14.8,4,2
863.95,911.35,14.8,4,2
866.21,910.34,14.8,4,2
866.21,910.34,14.8,4,2
866.21,910.34,14.8,4,2
866.21,910.34,14.8,4,2
866.21,910.34,14.8,4,2
866.21,910.34,14.8,4,2
866.21,910.34,14.8,4,2
866.21,910.34,14.8,4,2
866.21,910.34,14.8,4,2
866.21,910.34,14.8,4,2
868.47,909.34,14.8,4,2
868.47,909.34,14.8,4,2
868.47,909.34,14.8,4,2
868.47,909.34,14.8,4,2
868.47,909.34,14.8,4,2
868.47,909.34,14.8,4,2
868.47,909.34,14.8,4,2
868.47,909.34,14.8,4,2
868.47,909.34,14.8,4,2
868.47,909.34,14.8,4,2
869.99,907.39,14.8,4,2
869.99,907.39,14.8,4,2
869.99,907.39,14.8,4,2
869.99,907.39,14.8,4,2
869.99,907.39,14.8,4,2
869.99,907.39,14.8,4,2
869.99,907.39,14.8,4,2
869.99,907.39,14.8,4,2
869.99,907.39,14.8,4,2
869.99,907.39,14.8,4,2
871.51,905.44,14.8,4,2
871.51,905.44,14.8,4,2
871.51,905.44,14.8,4,2
871.51,905.44,14.8,4,2
871.51,905.44,14.8,4,2
871.51,905.44,14.8,4,2
871.51,905.44,14.8,4,2
871.51,905.44,14.8,4,2
871.51,905.44,14.8,4,2
871.51,905.44,14.8,4,2
873.77,904.43,14.8,4,2
873.77,904.43,14.8,4,2
873.77,904.43,14.8,4,2
873.77,904.43,14.8,4,2
873.77,904.43,14.8,4,2
873.77,904.43,14.8,4,2
873.77,904.43,14.8,4,2
873.77,904.43,14.8,4,2
873.77,904.43,14.8,4,2
873.77,904.43,14.8,4,2
876.04,903.43,14.8,4,2
876.04,903.43,14.8,4,2
876.04,903.43,14.8,4,2
876.04,903.43,14.8,4,2
876.04,903.43,14.8,4,2
876.04,903.43,14.8,4,2
876.04,903.43,14.8,4,2
876.04,903.43,14.8,4,2
876.04,903.43,14.8,4,2
876.04,903.43,14.8,4,2
877.56,901.48,14.8,4,2
877.56,901.48,14.8,4,2
877.56,901.48,14.8,4,2
877.56,901.48,14.8,4,2
877.56,901.48,14.8,4,2
877.56,901.48,14.8,4,2
877.56,901.48,14.8,4,2
877.56,901.48,14.8,4,2
877.56,901.48,14.8,4,2
877.56,901.48,14.8,4,2
881.34,898.52,14.8,4,2
881.34,898.52,14.8,4,2
881.34,898.52,14.8,4,2
881.34,898.52,14.8,4,2
881.34,898.52,14.8,4,2
881.34,898.52,14.8,4,2
881.34,898.52,14.8,4,2
881.34,898.52,14.8,4,2
881.34,898.52,14.8,4,2
881.34,898.52,14.8,4,2
884.55,896.78,14.8,4,2
884.55,896.78,14.8,4,2
884.55,896.78,14.8,4,2
884.55,896.78,14.8,4,2
884.55,896.78,14.8,4,2
884.55,896.78,14.8,4,2
884.55,896.78,14.8,4,2
884.55,896.78,14.8,4,2
884.55,896.78,14.8,4,2
884.55,896.78,14.8,4,2
886.07,894.83,14.8,4,2
886.07,894.83,14.8,4,2
886.07,894.83,14.8,4,2
886.07,894.83,14.8,4,2
886.07,894.83,14.8,4,2
886.07,894.83,14.8,4,2
886.07,894.83,14.8,4,2
886.07,894.83,14.8,4,2
886.07,894.83,14.8,4,2
886.07,894.83,14.8,4,2
887.59,892.88,14.8,4,2
887.59,892.88,14.8,4,2
887.59,892.88,14.8,4,2
887.59,892.88,14.8,4,2
887.59,892.88,14.8,4,2
887.59,892.88,14.8,4,2
887.59,892.88,14.8,4,2
887.59,892.88,14.8,4,2
887.59,892.88,14.8,4,2
887.59,892.88,14.8,4,2
889.85,891.87,14.8,4,2
889.85,891.87,14.8,4,2
889.85,891.87,14.8,4,2
889.85,891.87,14.8,4,2
889.85,891.87,14.8,4,2
889.85,891.87,14.8,4,2
889.85,891.87,14.8,4,2
889.85,891.87,14.8,4,2
889.85,891.87,14.8,4,2
889.85,891.87,14.8,4,2
892.11,890.87,14.8,4,2
892.11,890.87,14.8,4,2
892.11,890.87,14.8,4,2
892.11,890.87,14.8,4,2
892.11,890.87,14.8,4,2
892.11,890.87,14.8,4,2
892.11,890.87,14.8,4,2
892.11,890.87,14.8,4,2
892.11,890.87,14.8,4,2
892.11,890.87,14.8,4,2
893.63,888.92,14.8,4,2
893.63,888.92,14.8,4,2
893.63,888.92,14.8,4,2
893.63,888.92,14.8,4,2
893.63,888.92,14.8,4,2
893.63,888.92,14.8,4,2
893.63,888.92,14.8,4,2
893.63,888.92,14.8,4,2
893.63,888.92,14.8,4,2
893.63,888.92,14.8,4,2
895.15,886.97,14.8,4,2
895.15,886.97,14.8,4,2
895.15,886.97,14.8,4,2
895.15,886.97,14.8,4,2
895.15,886.97,14.8,4,2
895.15,886.97,14.8,4,2
895.15,886.97,14.8,4,2
895.15,886.97,14.8,4,2
895.15,886.97,14.8,4,2
895.15,886.97,14.8,4,2
897.41,885.96,14.8,4,2
897.41,885.96,14.8,4,2
897.41,885.96,14.8,4,2
897.41,885.96,14.8,4,2
897.41,885.96,14.8,4,2
897.41,885.96,14.8,4,2
897.41,885.96,14.8,4,2
897.41,885.96,14.8,4,2
897.41,885.96,14.8,4,2
897.41,885.96,14.8,4,2
899.68,884.96,14.8,4,2
899.68,884.96,14.8,4,2
899.68,884.96,14.8,4,2
899.68,884.96,14.8,4,2
899.68,884.96,14.8,4,2
899.68,884.96,14.8,4,2
899.68,884.96,14.8,4,2
899.68,884.96,14.8,4,2
899.68,884.96,14.8,4,2
899.68,884.96,14.8,4,2
901.2,883.01,14.8,4,2
901.2,883.01,14.8,4,2
901.2,883.01,14.8,4,2
901.2,883.01,14.8,4,2
901.2,883.01,14.8,4,2
901.2,883.01,14.8,4,2
901.2,883.01,14.8,4,2
901.2,883.01,14.8,4,2
901.2,883.01,14.8,4,2
901.2,883.01,14.8,4,2
902.72,881.05,14.8,4,2
902.72,881.05,14.8,4,2
902.72,881.05,14.8,4,2
902.72,881.05,14.8,4,2
902.72,881.05,14.8,4,2
902.72,881.05,14.8,4,2
902.72,881.05,14.8,4,2
902.72,881.05,14.8,4,2
902.72,881.05,14.8,4,2
902.72,881.05,14.8,4,2
904.98,880.05,14.8,4,2
904.98,880.05,14.8,4,2
904.98,880.05,14.8,4,2
904.98,880.05,14.8,4,2
904.98,880.05,14.8,4,2
904.98,880.05,14.8,4,2
904.98,880.05,14.8,4,2
904.98,880.05,14.8,4,2
904.98,880.05,14.8,4,2
904.98,880.05,14.8,4,2
907.52,879.46,14.8,4,2
907.52,879.46,14.8,4,2
907.52,879.46,14.8,4,2
907.52,879.46,14.8,4,2
907.52,879.46,14.8,4,2
907.52,879.46,14.8,4,2
907.52,879.46,14.8,4,2
907.52,879.46,14.8,4,2
907.52,879.46,14.8,4,2
907.52,879.46,14.8,4,2
909.92,878.86,14.8,4,2
909.92,878.86,14.8,4,2
909.92,878.86,14.8,4,2
909.92,878.86,14.8,4,2
909.92,878.86,14.8,4,2
909.92,878.86,14.8,4,2
909.92,878.86,14.8,4,2
909.92,878.86,14.8,4,2
909.92,878.86,14.8,4,2
909.92,878.86,14.8,4,2
914.72,878.86,14.8,4,2
914.72,878.86,14.8,4,2
914.72,878.86,14.8,4,2
914.72,878.86,14.8,4,2
914.72,878.86,14.8,4,2
914.72,878.86,14.8,4,2
914.72,878.86,14.8,4,2
914.72,878.86,14.8,4,2
914.72,878.86,14.8,4,2
914.72,878.86,14.8,4,2
912.32,878.26,14.8,4,2
912.32,878.26,14.8,4,2
912.32,878.26,14.8,4,2
912.32,878.26,14.8,4,2
912.32,878.26,14.8,4,2
912.32,878.26,14.8,4,2
912.32,878.26,14.8,4,2
912.32,878.26,14.8,4,2
912.32,878.26,14.8,4,2
912.32,878.26,14.8,4,2
917.12,879.46,14.8,4,2
917.12,879.46,14.8,4,2
917.12,879.46,14.8,4,2
917.12,879.46,14.8,4,2
917.12,879.46,14.8,4,2
917.12,879.46,14.8,4,2
917.12,879.46,14.8,4,2
917.12,879.46,14.8,4,2
917.12,879.46,14.8,4,2
917.12,879.46,14.8,4,2
919.32,878.86,14.8,4,2
919.32,878.86,14.8,4,2
919.32,878.86,14.8,4,2
919.32,878.86,14.8,4,2
919.32,878.86,14.8,4,2
919.32,878.86,14.8,4,2
919.32,878.86,14.8,4,2
919.32,878.86,14.8,4,2
919.32,878.86,14.8,4,2
919.32,878.86,14.8,4,2
921.72,878.26,14.8,4,2
921.72,878.26,14.8,4,2
921.72,878.26,14.8,4,2
921.72,878.26,14.8,4,2
921.72,878.26,14.8,4,2
921.72,878.26,14.8,4,2
921.72,878.26,14.8,4,2
921.72,878.26,14.8,4,2
921.72,878.26,14.8,4,2
921.72,878.26,14.8,4,2
924.12,878.86,14.8,4,2
924.12,878.86,14.8,4,2
924.12,878.86,14.8,4,2
924.12,878.86,14.8,4,2
924.12,878.86,14.8,4,2
924.12,878.86,14.8,4,2
924.12,878.86,14.8,4,2
924.12,878.86,14.8,4,2
924.12,878.86,14.8,4,2
924.12,878.86,14.8,4,2
926.52,879.46,14.8,4,2
926.52,879.46,14.8,4,2
926.52,879.46,14.8,4,2
926.52,879.46,14.8,4,2
926.52,879.46,14.8,4,2
926.52,879.46,14.8,4,2
926.52,879.46,14.8,4,2
926.52,879.46,14.8,4,2
926.52,879.46,14.8,4,2
926.52,879.46,14.8,4,2
928.92,878.86,14.8,4,2
928.92,878.86,14.8,4,2
928.92,878.86,14.8,4,2
928.92,878.86,14.8,4,2
928.92,878.86,14.8,4,2
928.92,878.86,14.8,4,2
928.92,878.86,14.8,4,2
928.92,878.86,14.8,4,2
928.92,878.86,14.8,4,2
928.92,878.86,14.8,4,2
931.32,878.26,14.8,4,2
931.32,878.26,14.8,4,2
931.32,878.26,14.8,4,2
931.32,878.26,14.8,4,2
931.32,878.26,14.8,4,2
931.32,878.26,14.8,4,2
931.32,878.26,14.8,4,2
931.32,878.26,14.8,4,2
931.32,878.26,14.8,4,2
931.32,878.26,14.8,4,2
933.72,879.46,14.8,4,2
933.72,879.46,14.8,4,2
933.72,879.46,14.8,4,2
933.72,879.46,14.8,4,2
933.72,879.46,14.8,4,2
933.72,879.46,14.8,4,2
933.72,879.46,14.8,4,2
933.72,879.46,14.8,4,2
933.72,879.46,14.8,4,2
933.72,879.46,14.8,4,2
936.12,878.86,14.8,4,2
936.12,878.86,14.8,4,2
936.12,878.86,14.8,4,2
936.12,878.86,14.8,4,2
936.12,878.86,14.8,4,2
936.12,878.86,14.8,4,2
936.12,878.86,14.8,4,2
936.12,878.86,14.8,4,2
936.12,878.86,14.8,4,2
936.12,878.86,14.8,4,2
938.52,878.26,14.8,4,2
938.52,878.26,14.8,4,2
938.52,878.26,14.8,4,2
938.52,878.26,14.8,4,2
938.52,878.26,14.8,4,2
938.52,878.26,14.8,4,2
938.52,878.26,14.8,4,2
938.52,878.26,14.8,4,2
938.52,878.26,14.8,4,2
938.52,878.26,14.8,4,2
940.92,878.86,14.8,4,2
940.92,878.86,14.8,4,2
940.92,878.86,14.8,4,2
940.92,878.86,14.8,4,2
940.92,878.86,14.8,4,2
940.92,878.86,14.8,4,2
940.92,878.86,14.8,4,2
940.92,878.86,14.8,4,2
940.92,878.86,14.8,4,2
940.92,878.86,14.8,4,2
943.32,879.46,14.8,4,2
943.32,879.46,14.8,4,2
943.32,879.46,14.8,4,2
943.32,879.46,14.8,4,2
943.32,879.46,14.8,4,2
943.32,879.46,14.8,4,2
943.32,879.46,14.8,4,2
943.32,879.46,14.8,4,2
943.32,879.46,14.8,4,2
943.32,879.46,14.8,4,2
945.72,878.26,14.8,4,2
945.72,878.26,14.8,4,2
945.72,878.26,14.8,4,2
945.72,878.26,14.8,4,2
945.72,878.26,14.8,4,2
945.72,878.26,14.8,4,2
945.72,878.26,14.8,4,2
945.72,878.26,14.8,4,2
945.72,878.26,14.8,4,2
945.72,878.26,14.8,4,2
948.12,878.86,14.8,4,2
948.12,878.86,14.8,4,2
948.12,878.86,14.8,4,2
948.12,878.86,14.8,4,2
948.12,878.86,14.8,4,2
948.12,878.86,14.8,4,2
948.12,878.86,14.8,4,2
948.12,878.86,14.8,4,2
948.12,878.86,14.8,4,2
948.12,878.86,14.8,4,2
950.52,879.46,14.8,4,2
950.52,879.46,14.8,4,2
950.52,879.46,14.8,4,2
950.52,879.46,14.8,4,2
950.52,879.46,14.8,4,2
950.52,879.46,14.8,4,2
950.52,879.46,14.8,4,2
950.52,879.46,14.8,4,2
950.52,879.46,14.8,4,2
950.52,879.46,14.8,4,2
952.92,878.86,14.8,4,2
952.92,878.86,14.8,4,2
952.92,878.86,14.8,4,2
952.92,878.86,14.8,4,2
952.92,878.86,14.8,4,2
952.92,878.86,14.8,4,2
952.92,878.86,14.8,4,2
952.92,878.86,14.8,4,2
952.92,878.86,14.8,4,2
952.92,878.86,14.8,4,2
955.32,878.26,14.8,4,2
955.32,878.26,14.8,4,2
955.32,878.26,14.8,4,2
955.32,878.26,14.8,4,2
955.32,878.26,14.8,4,2
955.32,878.26,14.8,4,2
955.32,878.26,14.8,4,2
955.32,878.26,14.8,4,2
955.32,878.26,14.8,4,2
955.32,878.26,14.8,4,2
957.72,878.86,14.8,4,2
957.72,878.86,14.8,4,2
957.72,878.86,14.8,4,2
957.72,878.86,14.8,4,2
957.72,878.86,14.8,4,2
957.72,878.86,14.8,4,2
957.72,878.86,14.8,4,2
957.72,878.86,14.8,4,2
957.72,878.86,14.8,4,2
957.72,878.86,14.8,4,2
960.12,879.46,14.8,4,2
960.12,879.46,14.8,4,2
960.12,879.46,14.8,4,2
960.12,879.46,14.8,4,2
960.12,879.46,14.8,4,2
960.12,879.46,14.8,4,2
960.12,879.46,14.8,4,2
960.12,879.46,14.8,4,2
960.12,879.46,14.8,4,2
960.12,879.46,14.8,4,2
962.52,878.26,14.8,4,2
962.52,878.26,14.8,4,2
962.52,878.26,14.8,4,2
962.52,878.26,14.8,4,2
962.52,878.26,14.8,4,2
962.52,878.26,14.8,4,2
962.52,878.26,14.8,4,2
962.52,878.26,14.8,4,2
962.52,878.26,14.8,4,2
962.52,878.26,14.8,4,2
964.92,878.86,14.8,4,2
964.92,878.86,14.8,4,2
964.92,878.86,14.8,4,2
964.92,878.86,14.8,4,2
964.92,878.86,14.8,4,2
964.92,878.86,14.8,4,2
964.92,878.86,14.8,4,2
964.92,878.86,14.8,4,2
964.92,878.86,14.8,4,2
964.92,878.86,14.8,4,2
967.32,879.46,14.8,4,2
967.32,879.46,14.8,4,2
967.32,879.46,14.8,4,2
967.32,879.46,14.8,4,2
967.32,879.46,14.8,4,2
967.32,879.46,14.8,4,2
967.32,879.46,14.8,4,2
967.32,879.46,14.8,4,2
967.32,879.46,14.8,4,2
967.32,879.46,14.8,4,2
969.72,878.26,14.8,4,2
969.72,878.26,14.8,4,2
969.72,878.26,14.8,4,2
969.72,878.26,14.8,4,2
969.72,878.26,14.8,4,2
969.72,878.26,14.8,4,2
969.72,878.26,14.8,4,2
969.72,878.26,14.8,4,2
969.72,878.26,14.8,4,2
969.72,878.26,14.8,4,2
972.12,879.46,14.8,4,2
972.12,879.46,14.8,4,2
972.12,879.46,14.8,4,2
972.12,879.46,14.8,4,2
972.12,879.46,14.8,4,2
972.12,879.46,14.8,4,2
972.12,879.46,14.8,4,2
972.12,879.46,14.8,4,2
972.12,879.46,14.8,4,2
972.12,879.46,14.8,4,2
974.52,881.26,14.8,4,2
974.52,881.26,14.8,4,2
974.52,881.26,14.8,4,2
974.52,881.26,14.8,4,2
974.52,881.26,14.8,4,2
974.52,881.26,14.8,4,2
974.52,881.26,14.8,4,2
974.52,881.26,14.8,4,2
974.52,881.26,14.8,4,2
974.52,881.26,14.8,4,2
970.92,881.26,14.8,4,2
970.92,881.26,14.8,4,2
970.92,881.26,14.8,4,2
970.92,881.26,14.8,4,2
970.92,881.26,14.8,4,2
970.92,881.26,14.8,4,2
970.92,881.26,14.8,4,2
970.92,881.26,14.8,4,2
970.92,881.26,14.8,4,2
970.92,881.26,14.8,4,2
973.32,883.06,14.8,4,2
973.32,883.06,14.8,4,2
973.32,883.06,14.8,4,2
973.32,883.06,14.8,4,2
973.32,883.06,14.8,4,2
973.32,883.06,14.8,4,2
973.32,883.06,14.8,4,2
973.32,883.06,14.8,4,2
973.32,883.06,14.8,4,2
973.32,883.06,14.8,4,2
970.92,884.26,14.8,4,2
970.92,884.26,14.8,4,2
970.92,884.26,14.8,4,2
970.92,884.26,14.8,4,2
970.92,884.26,14.8,4,2
970.92,884.26,14.8,4,2
970.92,884.26,14.8,4,2
970.92,884.26,14.8,4,2
970.92,884.26,14.8,4,2
970.92,884.26,14.8,4,2
973.32,886.06,14.8,4,2
973.32,886.06,14.8,4,2
973.32,886.06,14.8,4,2
973.32,886.06,14.8,4,2
973.32,886.06,14.8,4,2
973.32,886.06,14.8,4,2
973.32,886.06,14.8,4,2
973.32,886.06,14.8,4,2
973.32,886.06,14.8,4,2
973.32,886.06,14.8,4,2
970.44,888.8,14.8,4,2
970.44,888.8,14.8,4,2
970.44,888.8,14.8,4,2
970.44,888.8,14.8,4,2
970.44,888.8,14.8,4,2
970.44,888.8,14.8,4,2
970.44,888.8,14.8,4,2
970.44,888.8,14.8,4,2
970.44,888.8,14.8,4,2
970.44,888.8,14.8,4,2
970.44,891.8,14.8,4,2
970.44,891.8,14.8,4,2
970.44,891.8,14.8,4,2
970.44,891.8,14.8,4,2
970.44,891.8,14.8,4,2
970.44,891.8,14.8,4,2
970.44,891.8,14.8,4,2
970.44,891.8,14.8,4,2
970.44,891.8,14.8,4,2
970.44,891.8,14.8,4,2
970.44,894.2,14.8,4,2
970.44,894.2,14.8,4,2
970.44,894.2,14.8,4,2
970.44,894.2,14.8,4,2
970.44,894.2,14.8,4,2
970.44,894.2,14.8,4,2
970.44,894.2,14.8,4,2
970.44,894.2,14.8,4,2
970.44,894.2,14.8,4,2
970.44,894.2,14.8,4,2
970.44,897.8,14.8,4,2
970.44,897.8,14.8,4,2
970.44,897.8,14.8,4,2
970.44,897.8,14.8,4,2
970.44,897.8,14.8,4,2
970.44,897.8,14.8,4,2
970.44,897.8,14.8,4,2
970.44,897.8,14.8,4,2
970.44,897.8,14.8,4,2
970.44,897.8,14.8,4,2
970.44,900.2,14.8,4,2
970.44,900.2,14.8,4,2
970.44,900.2,14.8,4,2
970.44,900.2,14.8,4,2
970.44,900.2,14.8,4,2
970.44,900.2,14.8,4,2
970.44,900.2,14.8,4,2
970.44,900.2,14.8,4,2
970.44,900.2,14.8,4,2
970.44,900.2,14.8,4,2
970.44,903.8,14.8,4,2
970.44,903.8,14.8,4,2
970.44,903.8,14.8,4,2
970.44,903.8,14.8,4,2
970.44,903.8,14.8,4,2
970.44,903.8,14.8,4,2
970.44,903.8,14.8,4,2
970.44,903.8,14.8,4,2
970.44,903.8,14.8,4,2
970.44,903.8,14.8,4,2
970.44,907.4,14.8,4,2
970.44,907.4,14.8,4,2
970.44,907.4,14.8,4,2
970.44,907.4,14.8,4,2
970.44,907.4,14.8,4,2
970.44,907.4,14.8,4,2
970.44,907.4,14.8,4,2
970.44,907.4,14.8,4,2
970.44,907.4,14.8,4,2
970.44,907.4,14.8,4,2
970.44,910.52,14.8,4,2
970.44,910.52,14.8,4,2
970.44,910.52,14.8,4,2
970.44,910.52,14.8,4,2
970.44,910.52,14.8,4,2
970.44,910.52,14.8,4,2
970.44,910.52,14.8,4,2
970.44,910.52,14.8,4,2
970.44,910.52,14.8,4,2
970.44,910.52,14.8,4,2
970.44,914.12,14.8,4,2
970.44,914.12,14.8,4,2
970.44,914.12,14.8,4,2
970.44,914.12,14.8,4,2
970.44,914.12,14.8,4,2
970.44,914.12,14.8,4,2
970.44,914.12,14.8,4,2
970.44,914.12,14.8,4,2
970.44,914.12,14.8,4,2
970.44,914.12,14.8,4,2
970.44,916.52,14.8,4,2
970.44,916.52,14.8,4,2
970.44,916.52,14.8,4,2
970.44,916.52,14.8,4,2
970.44,916.52,14.8,4,2
970.44,916.52,14.8,4,2
970.44,916.52,14.8,4,2
970.44,916.52,14.8,4,2
970.44,916.52,14.8,4,2
970.44,916.52,14.8,4,2
970.44,918.66,14.8,4,2
970.44,918.66,14.8,4,2
970.44,918.66,14.8,4,2
970.44,918.66,14.8,4,2
970.44,918.66,14.8,4,2
970.44,918.66,14.8,4,2
970.44,918.66,14.8,4,2
970.44,918.66,14.8,4,2
970.44,918.66,14.8,4,2
970.44,918.66,14.8,4,2
968.09,919.26,14.8,4,2
968.09,919.26,14.8,4,2
968.09,919.26,14.8,4,2
968.09,919.26,14.8,4,2
968.09,919.26,14.8,4,2
968.09,919.26,14.8,4,2
968.09,919.26,14.8,4,2
968.09,919.26,14.8,4,2
968.09,919.26,14.8,4,2
968.09,919.26,14.8,4,2
965.69,918.66,14.8,4,2
965.69,918.66,14.8,4,2
965.69,918.66,14.8,4,2
965.69,918.66,14.8,4,2
965.69,918.66,14.8,4,2
965.69,918.66,14.8,4,2
965.69,918.66,14.8,4,2
965.69,918.66,14.8,4,2
965.69,918.66,14.8,4,2
965.69,918.66,14.8,4,2
963.29,918.06,14.8,4,2
963.29,918.06,14.8,4,2
963.29,918.06,14.8,4,2
963.29,918.06,14.8,4,2
963.29,918.06,14.8,4,2
963.29,918.06,14.8,4,2
963.29,918.06,14.8,4,2
963.29,918.06,14.8,4,2
963.29,918.06,14.8,4,2
963.29,918.06,14.8,4,2
960.89,918.66,14.8,4,2
960.89,918.66,14.8,4,2
960.89,918.66,14.8,4,2
960.89,918.66,14.8,4,2
960.89,918.66,14.8,4,2
960.89,918.66,14.8,4,2
960.89,918.66,14.8,4,2
960.89,918.66,14.8,4,2
960.89,918.66,14.8,4,2
960.89,918.66,14.8,4,2
958.49,919.26,14.8,4,2
958.49,919.26,14.8,4,2
958.49,919.26,14.8,4,2
958.49,919.26,14.8,4,2
958.49,919.26,14.8,4,2
958.49,919.26,14.8,4,2
958.49,919.26,14.8,4,2
958.49,919.26,14.8,4,2
958.49,919.26,14.8,4,2
958.49,919.26,14.8,4,2
956.09,918.66,14.8,4,2
956.09,918.66,14.8,4,2
956.09,918.66,14.8,4,2
956.09,918.66,14.8,4,2
956.09,918.66,14.8,4,2
956.09,918.66,14.8,4,2
956.09,918.66,14.8,4,2
956.09,918.66,14.8,4,2
956.09,918.66,14.8,4,2
956.09,918.66,14.8,4,2
953.69,918.06,14.8,4,2
953.69,918.06,14.8,4,2
953.69,918.06,14.8,4,2
953.69,918.06,14.8,4,2
953.69,918.06,14.8,4,2
953.69,918.06,14.8,4,2
953.69,918.06,14.8,4,2
953.69,918.06,14.8,4,2
953.69,918.06,14.8,4,2
953.69,918.06,14.8,4,2
951.29,918.66,14.8,4,2
951.29,918.66,14.8,4,2
951.29,918.66,14.8,4,2
951.29,918.66,14.8,4,2
951.29,918.66,14.8,4,2
951.29,918.66,14.8,4,2
951.29,918.66,14.8,4,2
951.29,918.66,14.8,4,2
951.29,918.66,14.8,4,2
951.29,918.66,14.8,4,2
945.29,918.66,14.8,4,2
945.29,918.66,14.8,4,2
945.29,918.66,14.8,4,2
945.29,918.66,14.8,4,2
945.29,918.66,14.8,4,2
945.29,918.66,14.8,4,2
945.29,918.66,14.8,4,2
945.29,918.66,14.8,4,2
945.29,918.66,14.8,4,2
945.29,918.66,14.8,4,2
947.69,919.26,14.8,4,2
947.69,919.26,14.8,4,2
947.69,919.26,14.8,4,2
947.69,919.26,14.8,4,2
947.69,919.26,14.8,4,2
947.69,919.26,14.8,4,2
947.69,919.26,14.8,4,2
947.69,919.26,14.8,4,2
947.69,919.26,14.8,4,2
947.69,919.26,14.8,4,2
942.89,918.06,14.8,4,2
942.89,918.06,14.8,4,2
942.89,918.06,14.8,4,2
942.89,918.06,14.8,4,2
942.89,918.06,14.8,4,2
942.89,918.06,14.8,4,2
942.89,918.06,14.8,4,2
942.89,918.06,14.8,4,2
942.89,918.06,14.8,4,2
942.89,918.06,14.8,4,2
940.49,918.66,14.8,4,2
940.49,918.66,14.8,4,2
940.49,918.66,14.8,4,2
940.49,918.66,14.8,4,2
940.49,918.66,14.8,4,2
940.49,918.66,14.8,4,2
940.49,918.66,14.8,4,2
940.49,918.66,14.8,4,2
940.49,918.66,14.8,4,2
940.49,918.66,14.8,4,2
938.09,919.26,14.8,4,2
938.09,919.26,14.8,4,2
938.09,919.26,14.8,4,2
938.09,919.26,14.8,4,2
938.09,919.26,14.8,4,2
938.09,919.26,14.8,4,2
938.09,919.26,14.8,4,2
938.09,919.26,14.8,4,2
938.09,919.26,14.8,4,2
938.09,919.26,14.8,4,2
935.69,918.66,14.8,4,2
935.69,918.66,14.8,4,2
935.69,918.66,14.8,4,2
935.69,918.66,14.8,4,2
935.69,918.66,14.8,4,2
935.69,918.66,14.8,4,2
935.69,918.66,14.8,4,2
935.69,918.66,14.8,4,2
935.69,918.66,14.8,4,2
935.69,918.66,14.8,4,2
933.29,918.06,14.8,4,2
933.29,918.06,14.8,4,2
933.29,918.06,14.8,4,2
933.29,918.06,14.8,4,2
933.29,918.06,14.8,4,2
933.29,918.06,14.8,4,2
933.29,918.06,14.8,4,2
933.29,918.06,14.8,4,2
933.29,918.06,14.8,4,2
933.29,918.06,14.8,4,2
930.89,918.66,14.8,4,2
930.89,918.66,14.8,4,2
930.89,918.66,14.8,4,2
930.89,918.66,14.8,4,2
930.89,918.66,14.8,4,2
930.89,918.66,14.8,4,2
930.89,918.66,14.8,4,2
930.89,918.66,14.8,4,2
930.89,918.66,14.8,4,2
930.89,918.66,14.8,4,2
928.49,919.26,14.8,4,2
928.49,919.26,14.8,4,2
928.49,919.26,14.8,4,2
928.49,919.26,14.8,4,2
928.49,919.26,14.8,4,2
928.49,919.26,14.8,4,2
928.49,919.26,14.8,4,2
928.49,919.26,14.8,4,2
928.49,919.26,14.8,4,2
928.49,919.26,14.8,4,2
926.09,918.66,14.8,4,2
926.09,918.66,14.8,4,2
926.09,918.66,14.8,4,2
926.09,918.66,14.8,4,2
926.09,918.66,14.8,4,2
926.09,918.66,14.8,4,2
926.09,918.66,14.8,4,2
926.09,918.66,14.8,4,2
926.09,918.66,14.8,4,2
926.09,918.66,14.8,4,2
