100,-61,100,100,-78,-68,-77,-84,-77,100,100,-75,-81,-76,100,100,100,100,100,100,100,-77
-71,-60.5,100,100,-78,-68.5,100,-84,-77,100,100,-70,-79,-76,100,100,100,-84,-82,100,-85,-77
-71,-59.5,-72,-62,100,-70.5,100,100,-77,-79,100,-70,-80,-76,-85,100,-81,-84,-82,100,-82.5,-76
100,-59,-72,-61.5,-75,-70.5,-68,-82,-79.5,-79.5,-77,-70,-81.5,-73,-85,-87,-81,-83,-88,100,-80,-76
-69,-59,100,-61,-75,-66.5,-68,-82,-78,-80,-78,-70,-82,-72.5,-88,-87.5,-81,-82,-88,100,100,-76
-69,-59,-74,-61,100,-64,100,-83,-74,-74,-78.5,-70,-75,-72,-87.5,-88,-78,-83,-89,-82,100,-81
-69.5,-61,-73.5,-71,100,-64,-85,-82.5,-74,-73.5,-77.5,-69,-75.5,-72,-87,100,-78,-83.5,-89,-81,100,-82
-70.5,-61.5,-73,-70,100,-64.5,-85,-81,-73.5,-73,-77,-69,-75,-72,-87,100,-78,-85,100,-80,100,-83
-70.5,-62,100,-69,100,-65,100,-80,-73,100,100,100,-74,100,100,100,100,-86,100,-80,100,-82
-73.5,100,-79,-70,-76,-65,100,-78,100,100,-79,-70,100,-72,100,100,100,-89,-80,-78,100,-82.5
-77.5,100,-79,-68,-76,-65,100,-76.5,100,100,-79,-70,100,-72,-80,100,100,-87.5,-80,-84.5,100,-83
-78,100,100,-66,100,-75,100,-75,100,-77,100,100,100,-73,-80,100,100,-86,100,-91,100,-85
-70,-58,-68,-78,-67,100,-78,100,-80,100,-81,-76,-71,-76,100,-82,-79,-85,-85,100,-83,-82
-70,-57,-68,-78,-67,100,-78,100,-80,100,-83,100,-70.5,-75,100,-82,-79,-84,-85,100,-83,-82
100,-56,-72,100,100,-66,100,100,100,-83,-83,100,-70,-74,100,100,100,100,100,100,-85,100
100,100,-72,100,100,-66.5,100,100,100,-83,100,100,100,100,100,100,100,100,100,100,-85,100
100,100,100,100,100,-67,-76,100,100,100,-86,100,-70,100,100,100,-76,100,100,100,100,100
100,100,100,100,100,100,-76,100,100,100,-86,100,-70,100,100,100,-76,100,100,100,100,100
100,100,100,100,100,100,100,100,100,100,100,100,100,100,100,100,100,100,100,100,100,100
100,100,100,100,100,100,100,100,100,100,100,100,100,100,100,100,100,100,100,100,100,100
100,100,100,100,100,100,100,100,100,100,100,100,100,100,100,100,100,100,100,100,100,100
-66,100,100,100,100,100,-77,-71,-76,100,100,100,100,100,100,100,100,-82,100,100,-82,100
-65.5,-56,-62,-68,-66,-77,-76.5,-70,-76,100,100,-73,100,100,-80,-85,100,-83,100,-83,-82.5,100
-65.5,-58,-64,-72.5,-66,-77,-76,-71,-75.5,-75,-82,-73,-77,100,-80,-83.5,-85,-82,100,-84,-82.5,100
-58,100,-65,-80,-68.5,-83,-83,-76.5,-81,-76,-76,-79,-81,-74,-81,-82,100,-87,100,-85,-86,100
-57.5,-69,-65,-79,-65,-82.5,-85.5,-76,-81.5,-74,-75.5,-78.5,-83,-74.5,-81.5,-82,100,-87,100,-83,100,-84
-57,-69,100,-78,-65,-82,-88,-75.5,-82,-72,-74.5,-78,-85,-75,-82,100,100,100,100,-79.5,100,-84
-59,-68,100,-78,-65,100,-81,-73,-78,100,-74,100,-82,100,-82,100,100,100,100,-78,-85,100
-59,-68,-64,-77.5,-65,100,-79.5,-73,-77,-75,-74,-83,-82,-75,-81.5,-85,-88,100,100,-78.5,-87,100
-59,-64,-64,-76,-68.5,-81,-78.5,-72,-76,-76,-73,-83,-78,-75,-83,-85,-88,100,100,-79,-89,100
-57,-64,-68,-75,-71.5,-85,-78.5,-72,100,-76.5,-72,100,-78,-75,-84,-85,100,100,-83,100,100,100
-57,-64,-68,100,-71,-89,-78,100,100,-76,-72,100,100,-75,-83,100,100,100,-83,100,100,100
100,100,100,100,100,100,100,-72,100,100,100,100,100,100,100,100,100,100,-79,100,100,100
-56,100,-70,100,100,100,100,-72,100,-75,100,100,100,-74,-83,100,100,100,-79,100,100,100
-56,-73,-70,-83,100,-72,-77,100,100,-75,-86,-80,-78,-74,-83,100,100,-80,100,100,-82,100
-63,-73,-70,-82.5,100,-72,-77,-75,100,100,-86,-80.5,-78,-86,-83,100,-87,-80,100,100,-81.5,100
-51,-80,-66,-75,-70,100,100,-75,-79,-79,-79,100,100,-83,-80,100,100,-83.5,100,-78,100,100
-51,-78.5,-65,-75,-72,-75,100,-74.5,-79,-87,-77.5,-83,100,-82.5,-80.5,-81,-87,-83.5,100,100,-90,100
-52,-78.5,-64,-81,-70,-75,100,-74.5,100,-88,-76,-84,-84,-81.5,-82,-81,-86,-83.5,-86,-78,-90,100
-52,-80,-64,-81,-70,-75,100,-75,-76,-89,-76,-85,-84,-81,-83,-81,-85,-83,-86,-78,100,100
-52,-83,-66,100,-69,100,-82,-74,-76,100,-77,-87,-82,100,100,100,-86,-82,100,-80,100,100
-51,-83,-66,100,-69,100,-82,-74,-76,100,-77,-87,-82,100,100,100,-86,-82,-89,-80,100,100
-50,100,100,100,100,100,-82,100,100,100,100,100,100,100,100,100,-86,100,-89,100,100,100
-50,100,100,-74,-64,100,100,-74,-80,-72,100,100,100,100,100,-89,-85,100,100,100,100,100
-50,100,100,-74,-64,100,100,-74,-80.5,-72,-76,100,-88,-80,100,-89,-85,100,-83,-82,100,100
-50,100,-70,-81,-64,100,-86,100,-81,-75,-75,100,-86.5,-80.5,100,100,100,100,-83,-82,100,100
-63,-75,-70,-81,-85,-75,-85,-76,-88,-74.5,-78,100,-87,-84.5,-77,100,100,100,100,-82,100,100
-61.5,-76,-70,-81.5,-83.5,-76,-82,-76,-88,-74,-83.5,-91,-89,-88,-77,-86,100,100,-85,-81,-88,100
100,100,-82,-62,100,-82,-61,-78.5,100,100,-75,100,-80,100,100,100,100,100,-84,-82,-73,100
100,100,-82,-62,100,-82,-61,-79,100,100,-75,100,100,-64,100,100,100,-84,-84,100,-75,100
100,100,-77,100,100,100,-59,-77,100,-77,100,100,100,-64,100,100,100,-84,100,-79,-77,100
100,100,-77,100,100,100,-59,-77,100,-77,100,100,100,-64,100,100,100,100,100,-79,100,100
100,100,100,100,100,100,100,100,100,100,100,100,100,100,100,100,100,100,100,100,100,100
100,100,100,100,100,100,100,100,100,100,100,100,100,100,100,100,100,100,100,100,100,100
100,100,100,100,100,100,100,100,100,100,100,100,100,100,100,100,100,100,100,100,100,100
100,100,100,100,100,100,100,100,100,100,100,100,100,100,100,100,100,100,100,100,100,100
100,100,100,100,100,100,100,100,100,100,100,100,100,100,100,100,100,100,100,100,100,100
-70,100,100,100,100,100,-62,100,100,100,100,100,100,100,100,-82,100,100,100,100,100,-79
-70,-76,100,-60,-66,100,-62,100,100,100,100,-72,100,100,100,-82,100,100,100,-78,-82,-79
100,-76.5,100,-60,-67,100,100,100,100,100,100,-74.5,100,100,-80,100,-76,-80,100,-80,-83,100
-65,-78,100,100,100,100,-74,-77,-73,100,-71,-79,-72,-75,-85,-80,-86,100,100,-81,-82,100
-65,-78,100,100,100,100,-74,-77,-73,100,-71,-79,-72,-75,-85,-80,100,100,100,-81,-82,100
100,100,-63,-79,100,100,100,100,100,100,100,100,-73,100,100,100,100,100,100,100,100,100
100,100,-63,-79,100,100,100,100,100,100,100,100,-77.5,100,-84,-75,100,100,100,100,100,100
100,100,-66,100,-66,-54,-88,-71,100,100,100,-84,-82,100,-84,-75,-76,100,100,100,100,100
100,-68,-66,-69,-64.5,-54.5,-82.5,-69.5,-71,-80,-75,-84,-79,100,-79,-81,-76,-83,-76,100,100,-81
-68,-68,-61,-69,-63,-55,-77,-68,-71,-80.5,-75,100,-79,100,-80,-81,100,-83,-76,100,-87,-81
-68,100,-60.5,-69,-62,100,100,100,100,-81,100,100,100,100,-81,100,100,100,100,100,-87,100
-64,-75,-59,-69,-62,100,-73,-77,-69,-84,100,100,-73,-83,-84,-80,100,100,-83,100,100,100
-64,-75,-58.5,-70,-64,-56,-73,-72,-74.5,-84,100,100,-77,-83,-84,-81.5,100,100,-83,-83,-83,-81
100,100,-59,-71,-66,-56,100,-67,-74.5,100,100,100,-81,100,-84,-83,100,100,100,-83,-83,-81
-67,-68,100,100,100,-59,100,-72,-70,100,100,-86,-74,100,-83,100,100,100,100,100,100,100
-69.5,100,-70,100,-60,100,100,100,-79,-79,-73,100,-78,100,-76,100,100,100,100,-76,100,100
-69,100,-70,100,-60,100,100,100,-79.5,-79,-75.5,100,-78,100,-74,-79,100,-82,-79,-76,100,-85
100,100,100,100,100,100,100,-69,-80,100,-78,100,100,100,-72,-79,100,-82,-79,100,100,-85
100,100,100,100,100,100,100,-69,100,100,100,100,100,100,100,100,100,100,100,100,100,-85
100,100,100,100,-63,100,100,100,100,-68,100,-87,100,-78,-71,100,100,100,-82,100,-81,100
100,100,100,100,-63,100,100,100,100,-68,100,-87,100,-78,-71,100,100,100,-82,100,-81,100
100,100,100,100,100,100,100,100,100,100,100,100,100,100,100,100,100,100,100,100,100,100
100,100,100,100,100,100,100,100,100,100,100,100,100,100,100,100,100,100,100,100,100,100
100,100,100,100,100,100,100,100,100,100,100,100,100,100,100,100,100,100,100,100,100,100
100,100,100,100,100,-71,100,100,100,100,100,100,100,100,100,100,100,100,100,-80,100,100
-73,100,-62,100,-56,-70.5,100,-63,100,-72,-78,100,100,-86,100,-79,100,-83,100,-79.5,100,100
-73,-83,-62,100,-55,-69.5,100,-64.5,100,-72.5,-75.5,100,-70,-82.5,-75,-79,100,-83,-82,-80,-87,100
-71,-76,-68,-63,100,100,-56,-74,100,-86,-74,100,100,-77,100,-77,100,-86,-67,-84,-81,-77
-71,-76.5,-68,-63,100,100,-55.5,-73.5,-68,-83,-74,-75,100,-74.5,-89,-76.5,-72,-87,-67,-84,-80.5,-75.5
100,-76,-68,100,100,100,-54.5,-73,-68,-83,100,-75,100,-72,-89,-76,-72,-89.5,100,100,-80,-73.5
100,-75,100,100,100,100,-53.5,100,100,100,100,100,100,-74,100,100,100,-91,100,100,100,-71.5
100,-77,100,100,100,100,-53,-75,100,100,-72,100,100,-73.5,100,-83,-74,100,100,100,100,-71
100,-74.5,-71,100,-76,-76,100,-70.5,-57,100,-73,100,-74,-70,100,-79.5,-75,100,-66,100,100,-72
100,-71.5,-71,-61,-75,-76,-52,-66,-57.5,-80,-75,-70,-72.5,-66,-77,-76,-74.5,100,-66,100,-78,-74
100,-71,-71,-61,-74,100,-52.5,-66,-59,-80,-76,-70,-71,-65,-77,-76,-73,100,100,100,-78,-74
100,-75,-70,100,-72,100,-53.5,100,-59.5,-75,100,100,100,-66,100,100,100,100,100,100,-75,100
100,-75,-74.5,-63,-76,100,-54,100,-59,-75,100,-66,-75,-66,100,100,100,100,-75,-80,-75,100
-75,100,-79,-62.5,-80,-72,-58,-72,100,-74,-67,-66,-74.5,100,-82,100,-72,-85,-74.5,-81,100,-79
-75.5,100,100,-62,100,-72,-58,-70,-66,-74,-67,-66,-74.5,100,-82,-82,-72,-85,-75,-80.5,100,-79
-68,-73,-69,-79,-69,-60,-82,-72,-72,-78,-73,-77,-66,-70,-75,-76,-85,100,-80,-79,100,100
-68,-72.5,-69,-77.5,-68.5,-59,-83.5,-71,-72,-78,-73,-77,-65.5,-70,-75,-76,-81.5,100,-80,-79,-84,-84
-69,-72.5,-70,-77,-69,-58.5,-80.5,-70,-71.5,100,-72.5,-77,-65,-68,-75,-75,-82,-87,-85,-75,-84,-84
-69,-72,-71,-77,-70,-60,-75,-70,-71,-80,-72,100,100,-68,100,-75,-86,-86,-81.5,-75,100,100
100,-70,-71.5,-76,-72,-61,-76,100,-72,-80,100,-76,100,-70,-78,100,100,-85,-78.5,-75,-81,100
-73,-73,-72,-71,-72,-59.5,-76.5,-62,-75.5,-85,-72,-75,-67,-70.5,-76.5,-85,-78,100,-77,-75,-80.5,-81
-73,-78,100,-76,-71.5,-58,-75,-61,-78.5,-80,-70.5,-72.5,-66,-68.5,-75.5,-84.5,-79.5,-83,-75,-75.5,-81.5,-81.5
-71,-81.5,-70,-81,-71,-59,-78,-60,-76,-75,-68.5,-71,-65,-68.5,-77.5,-83.5,-80,-82,-75.5,-76,-84.5,-82
-70,-83,-70,-84,-68,-58.5,-76.5,-60,-73.5,-76,-68,100,-65,-69,-83,-83,-79,-79,-77.5,-83,-85,-82.5
-69,-81,-70,-87,-68,-58,-75,-67,-73,-78.5,-70,100,100,100,-87,100,100,-76.5,-79,-83,-84,-83
-81,-81,-73,-74,-72,-63,-75,-67,-68,-80.5,-72,-72,-78,100,-83,100,-80,-76,-85,-74,-81,-81
-81,100,-72.5,-73,-72,-63,-75,100,-68,-79,-73,-72,-78.5,-66,-86.5,-76,-80,-76,-85,-74,-80,-81.5
-70,-74,-73,-82,-55,100,-85,-80,-74,100,100,-82,100,-82,100,100,100,-79,-83,100,100,100
-69,-73,-71,-80,-55,100,-82,100,-74,-80,100,-82,-67,-81.5,100,100,100,-79,-84.5,100,-84,-80
-68,-73,-69,-78,-54,-83,-80,-71,100,-77,100,-84,-67,-81,100,-80,100,-78,-86,100,-86,-80
-69,-74.5,100,-80,-54.5,-83,-81,-71,-75,-74,-77,-85,-68,-85,100,-80,100,-77.5,100,100,-88,-78
-69,-75,100,-80,-55,100,100,100,-75,100,-76.5,-86,-68,-85,-68,-80,100,-77,100,100,100,-78
100,100,100,100,100,100,100,100,100,100,-76,-84,100,100,-68,100,100,-77,100,100,100,100
100,-74,100,100,100,100,100,-67,100,100,100,-84,100,100,100,100,100,100,100,100,100,100
100,-74,100,100,-55,100,100,-67,100,-76,100,100,100,100,100,100,100,100,100,-72,-75,100
100,100,100,100,-57.5,100,100,100,100,-72,100,100,100,100,100,100,100,100,100,-72,-74,100
100,100,100,100,-62,100,100,-65,100,-71,100,100,-74,100,100,100,100,100,100,100,-73,100
100,-72,100,100,-64,100,100,-65,100,-74,100,-84,-71,100,100,100,100,100,100,100,100,100
100,-72,100,100,100,100,100,100,100,100,100,-84,-68,100,100,100,100,100,100,100,100,100
100,100,100,100,100,100,100,100,100,100,100,100,100,100,100,100,100,100,100,100,-72,100
100,100,100,100,100,100,100,100,100,100,100,100,-68,100,100,100,100,100,100,100,-72,100
100,100,100,100,100,100,100,100,100,100,100,100,-68,100,100,100,100,100,100,100,100,100
100,100,100,100,100,100,100,100,100,100,100,100,100,100,100,100,100,100,100,100,-73,100
100,100,100,100,100,100,100,100,100,100,100,100,100,100,100,100,100,100,100,-72,-73,100
100,100,100,100,100,100,100,100,100,100,100,100,100,100,100,100,100,100,100,-72,-73,100
100,100,100,100,100,100,100,100,100,100,100,100,100,100,100,100,100,100,100,100,100,100
100,100,100,100,100,100,100,100,100,100,100,100,100,100,100,100,100,100,100,100,100,100
100,100,100,100,100,100,100,100,100,100,100,100,100,100,100,100,100,100,100,100,100,100
-75,100,100,100,100,100,100,100,100,100,100,100,100,100,100,100,100,100,100,100,100,100
-75,-80,100,-72,-74,-67,-61,100,-57,-62,-67,100,100,-66,-73,100,100,-76,-72,-77,-72,-68
-77,-80,100,-73,-74.5,-67,-60.5,-74,-57,-61.5,-67.5,-52,100,-66,-73,100,-71,-76.5,-72,-76,-72,-68
-77,-78,100,100,100,100,100,-59,100,-64,-54,-69,-67,-73,100,100,100,-82,100,100,100,-72
-77,-77.5,-72,100,-71,100,-91,-61,-73,-63.5,-54,-70,-66,-73,100,100,-75,100,-75,-74,100,-72
-77,-77,-72,100,-71,100,-91,-61.5,-73,-63,-54,-71,-65,100,100,100,-75,100,-74.5,-74,-78,100
-76,100,100,100,-68,100,100,-60,-73,100,100,100,-61,-72,100,-77,100,100,-74,100,-78,100
-76,100,100,100,-68,100,100,100,100,-62,100,100,-61,-72.5,100,-77,-73,100,100,100,100,100
100,100,100,100,100,100,100,100,100,-62,100,100,100,-73,100,100,-73,100,100,100,100,100
100,100,100,100,100,100,100,100,100,100,100,100,100,100,100,100,100,100,100,100,100,100
100,100,100,100,100,100,100,100,100,100,100,100,100,100,100,100,100,100,100,100,100,100
100,100,100,100,100,100,100,100,100,100,100,100,100,100,100,100,100,100,100,100,100,100
100,100,-72,100,100,100,100,100,100,100,100,100,100,100,100,100,100,100,100,100,-81,100
-72,-79,-72,100,-65,-81,-75,-68,-67,-68,-52,-77,-63,-74,100,-76,100,-79,-71,-85,-81,-77
-72,-80,-72.5,100,-65,-81,-75,-68,-67,-69,-52,-77,-63,-72.5,100,-75,100,-80.5,-71.5,-85,-81,-77
100,100,100,100,100,100,100,-68,100,100,-83,-72,100,100,100,100,100,100,100,-70,100,100
100,100,-75,100,100,100,-77,-68,100,100,-83,100,100,100,100,100,100,100,100,-70,100,100
100,100,-75,100,100,100,-77,100,-70,100,100,100,100,100,100,100,100,-78,100,100,100,100
100,100,100,100,100,100,100,100,-71,100,100,100,100,100,100,100,100,-78,100,100,100,100
100,100,100,100,-63,100,100,100,-72,100,100,100,100,100,100,100,100,-78,100,100,100,100
100,100,100,100,-63,100,100,100,100,100,100,100,100,100,100,100,100,-78,100,100,100,100
100,100,100,100,100,100,100,100,100,100,100,100,100,100,100,100,100,100,100,100,100,100
100,100,100,100,100,100,100,100,100,100,100,100,100,100,100,100,100,100,100,100,100,100
100,100,100,100,100,100,100,100,100,100,100,100,100,100,100,100,100,100,100,100,100,100
100,100,100,100,-63,100,100,100,-75,100,100,100,100,100,100,100,100,100,100,100,100,100
100,-86,100,-81,-63.5,-78,-77,100,-75.5,100,100,-80,100,100,100,-79,100,100,100,100,-72,-83
-66,-81.5,-75,-80.5,-65,-79,-77.5,100,-75,-44,100,-79.5,-70,-78,-69,-80.5,100,-86,100,100,-74,-84
-82,100,100,-72,-85,100,-86,-69,100,-84,100,100,100,-61.5,100,100,100,100,100,-80,100,100
-82,-84,100,-72,-86,100,-86,-69,-68,-83.5,100,-68,-76,-60,-68,-71,100,100,-63,-80,-71,-68
-88,-82.5,-75,-72,-87,-72,-77,-68,-69,-82,-74,-67.5,-76,-59,-66.5,-71.5,-66,100,-63,100,-73.5,-68
-88,-81,-76,100,-88,-72,-77,-68,-70,-81,-74,-67,-75,-59,-65,-71,-66,-76,-64.5,100,-75.5,-67
100,100,-75.5,100,-88,100,100,100,-67,100,100,-70,-74.5,100,100,-70,100,-76,-67.5,100,-75,-66
100,100,-74,100,-77,-66,100,-70,-67.5,-81,100,-70,-74.5,-58,-63,-69,-69,-75,-72.5,-75,-72,-66
100,100,100,100,-77,-66,100,-70,-68,-81,100,-70,-74,-58,-63,-68,-69,-75,-76,-75,-72,-66
-83,100,100,100,-77,-64,-72,-71,-68,100,-71,-70,-74,100,-64,100,100,-75,100,-76,100,100
-83.5,100,-77,100,-77,-64,-72,-71,-72,100,-71,-68,-76,100,-65,-69,100,100,-72,-76,100,100
-83.5,-85,-77,-70,-79,-64,-72,-74,-73,-83,-69,-68,-75.5,-61,-65.5,-69,-73,-78,-72,-77,-69,-67
-83,-79,100,-70,-81.5,-64,-72,-74,-74,-83,-69,-68,-75,-61,-65,-68.5,-73,-78,-72,-77,-69.5,-67
100,-73,100,-78,-84,100,100,100,-65,100,-80,-67,100,100,100,-68,100,100,-65,-78,-70,100
100,100,100,100,100,-77,100,100,100,100,100,100,100,100,100,100,100,100,100,100,100,100
100,100,100,100,100,-77,100,100,100,100,100,100,100,-71,100,100,100,-72,100,100,100,100
100,100,100,100,100,100,100,-76,100,100,100,100,-65,-71,100,-65,100,-72,100,100,-68,100
100,100,100,100,100,100,100,-76,100,100,100,100,-65,100,100,-65,100,100,100,100,-68,-66
100,100,100,100,100,100,100,100,100,100,100,100,100,100,100,100,100,100,100,100,100,-66
100,100,100,100,100,100,100,100,100,100,100,100,100,100,100,100,100,100,100,100,100,100
100,100,100,100,100,100,100,100,100,100,100,100,100,100,100,100,100,100,100,100,100,100
100,100,100,100,100,100,100,100,100,100,100,100,100,100,100,100,100,100,100,100,100,100
100,100,100,100,100,100,100,100,100,100,100,100,100,100,100,100,100,100,100,100,100,100
100,-80,100,100,100,100,100,100,100,100,100,100,100,100,100,100,100,100,100,100,100,100
-79,-80,-80,-83,-83,100,-81,-74,-69,-69,100,-82,-63,100,-66,-64,-72,100,-65,100,-69,-77
-79,-80,-80,-83,-83,100,-81,-73.5,-69,-69,100,-82,-63,-75,-66,-64,-71.5,-79,-65,100,-69.5,-77
-73,100,-90,100,-74,-79,100,100,-79,-60,-74,-76,-67,100,-67,-76,100,-75,-77,-69,-70,-76
-73,100,-87,100,-74,-75,-84,-71,-76.5,-62.5,-72,-76.5,-74,-81,-66,-76,100,-75,-77,-69,-73.5,-75
100,100,-81,100,100,-75,-84,-71,-74,-65,-70,-81.5,-81,-81,-64,100,100,100,-77,-69,-77,-78.5
100,100,-78,-86,100,100,-81,100,-78,100,100,-86,100,-76,-62,100,100,100,-87,100,100,-78.5
-74,100,-77,-86,-72,100,-81,-86,-77.5,-63,-75,100,-72,-76,-62,100,100,-69,-87,-66,-79,-75
-71,-85,-79,-81,-72,-77,-82,-75,-77,-63,-74.5,-84,-72,100,-66,-77,100,-68,-78,-63.5,-79,-76.5
-68.5,-85,-81,-81.5,100,-79,-83,-64.5,-75,-66,-74,-84,-75,-79,-69.5,-77.5,-83,-67.5,-79,-61,100,-76
-69,100,-80.5,-84,-68,-81,100,-66,-74.5,-62,-75,-82.5,-75,-76.5,-66,-77.5,-83.5,-70,-84,-63,-88,-76.5
-68,100,-81,-86,-68,100,100,-67,-74.5,-58,-75,-81,100,-74,-63,-77,-84,-72,-88,-63,-88,-78
-68,100,-81,100,-68,-80,100,-66,-74,-60,100,-82,-69,-76,-66,-75,-85,-68,-84,-62,-83,-79
-68,-87,-76,-85,-70,-81.5,-84,-71,-76.5,-60,-84,-82,-69,-76,-67,-75,-85,-67,-84,-64,-83,-79
100,-87,-76,-85,-72,-82.5,-84,-76,-80,-60,-84,100,100,100,-69,100,100,-66,100,-67,100,100
100,100,-78,100,-85,-77,100,100,-76,-73,-80,-76,-69,100,-71,-61,100,-64,-58,100,100,-74
100,100,-78,100,-85,-77,100,100,-78,-73,-80,-76,-70,100,-71,-61.5,100,-66.5,-60,100,100,-74
100,-84,100,100,100,-74,-76,100,-76,100,-74,-68,-73,100,-70,-61.5,100,-69,-61,100,100,-67
100,-84,100,-78,100,-73,-76,-78,-72.5,-78,-74,-70.5,-77,-74,-69.5,-61,-60,100,-59,-71,-72,-67
100,-83.5,100,-78.5,-77,-72,-75,-77.5,-73,-77.5,-74,-76.5,-78,-71,-69,-63,-60,-73,-57,-70.5,-70.5,-66.5
-76,-81,100,-79,-75.5,-82,-75,-77,-73,-77,-77,-80,-76.5,-68,-67.5,-61.5,-61,-73,-56,-72,-69,-62
-75.5,-79.5,100,-79,-74,-82,100,-79,-73,-77,-77,100,-76,100,-66,-60,-66.5,100,100,-73.5,-75,-58
-75.5,-80,100,-79,-74,100,100,-79,100,100,100,100,100,100,-66,-60,-70.5,-62,100,-72,-75,-58
-75.5,100,100,-84,-74,100,100,100,100,-75,-78,-65,100,100,-66,-60,-68,-62,-54,-71.5,100,100
-79.5,-78,100,-82.5,100,100,-68,-81,100,-75,-78,-65,100,100,-67,100,-68,100,-54,-72,-69,100
-85,-79,-83,-81,100,-81,-68,-81,-84,-88,-86,-70,-75,100,-67,-70,-70,100,-71,100,-70,-61
-86,-80,-83,-77,100,-81,100,-81,-84,-88,-86,-70,-75.5,100,-68,-71,100,-75,-71,100,-71,-61
100,-81,100,-82,100,-84,-82,100,100,-75,-79,-83,-73,-68,-60.5,100,100,-64,-73,100,-61,100
100,-81,100,-82.5,100,-84,-82,100,100,-75,-79,-83,-71.5,-67,-61,100,100,-64,-73,100,-61,100
100,-81,-85,-83,-80,100,-78,-79,-84,-77,100,-86,-71,-65.5,-62,100,-84,-60,-69,100,-67,-66
-87,-81,-85.5,-83.5,-80,-89,-77.5,-77.5,-84,-76,-77,-86.5,-70.5,-65,-62,-61,-83.5,-59.5,-68.5,-70,-68.5,-66
-87,-80,-86.5,-84,100,-89,-77,-76,-85,-75,-77,-87,-69,-65,-63,-61,-79.5,-59,-68,-70,-69.5,-71
-76,-80,-82.5,-78,-69,-75,-76,-78,-85,-76,-74,-89,-69,-76,-64,-74,-76,-56,-68.5,-64,-70,-76
-76,-81,-78.5,-77.5,-70.5,-75.5,-76,-79.5,-85,-75.5,-74,-89,-69,-75.5,-65,-74,-76,-56,-68,-64,-72,-76.5
-76,-81,-79,-77,-72.5,-76,-75,-82,-81,-75.5,-72,100,-69,-75,-63,-70,-76,-58,-66.5,100,-71.5,-77
-76,100,100,100,-73,100,-75,-83,-81,-76,-72,100,-69,100,-63,-70,-79,-58,-66,100,-70,-77.5
-82,100,100,100,-73,100,-80,-83,-80,-76,100,100,100,-83,100,-67,-78,100,100,100,100,-78
-82,100,-89,100,-74.5,-81,-79.5,-76,-81,-89,-78,-77,-66,-82,-75,-64.5,-77,-58,-65,-68,-63,-76
100,100,-89,-88,-76,-81,-79,-76,-82,-89,-78,-77,-65.5,-81,-75,-62,100,-58,-65,-68,-63,-76
-80,100,100,100,100,-78,100,-74,-86,100,100,100,100,100,100,100,100,100,100,100,100,100
-80,100,100,100,100,-78,-81,-74,-85.5,100,100,100,-70,-77,100,100,100,-79,100,100,100,100
-81,100,100,100,100,100,-81,100,-85,100,100,100,-70,-77,100,100,100,-79,100,100,100,100
-81,100,100,100,100,100,100,100,100,100,100,100,100,100,100,100,100,100,100,100,100,100
100,100,100,100,100,100,100,100,100,100,100,100,100,100,100,100,100,100,100,100,100,-78
100,100,100,100,100,100,100,100,100,100,100,100,100,100,100,100,100,100,100,100,100,-78
100,100,100,100,100,100,100,100,100,100,100,100,100,100,100,100,100,100,100,100,100,100
100,100,100,100,100,100,100,100,100,100,100,100,100,100,100,100,100,100,100,100,100,100
100,100,100,100,100,100,100,100,100,100,100,100,100,100,100,100,100,100,100,100,100,100
-81,100,100,100,100,100,100,100,100,100,100,100,100,100,100,100,100,100,100,100,100,100
-81,100,100,100,100,-79,100,-75,100,100,100,100,100,100,100,100,100,100,100,100,100,100
100,-86,-83,-87,-72,-79,100,-80,100,100,-80,100,-74,-88,-68,-76,100,-74,-83,-62,-72,-75
100,100,-84,-79,100,100,-65,100,100,100,100,100,100,100,-73,100,100,-72,-58,100,-64,-65
100,100,-84,-79,100,100,-66,100,100,100,100,100,100,-68,-73,-61,-85,-72,100,-70,-64,-65
100,100,100,100,-80,100,-67,100,100,100,100,100,100,-68,100,-61,-81.5,100,100,-70,100,100
100,100,-84,-83,-80,100,100,100,100,100,100,100,100,100,100,100,-78,100,100,100,-66,100
100,-82,-83,-83,100,-78,-69,-77,-80,-76,-78,-78,100,-67,-77,-61,-68,-69,-58,-66,-67,-61
-83,-80.5,-83,-80,-81,-79,-67.5,-78.5,-79,-76.5,-78,-76.5,-80,-68.5,-78,-64.5,-65.5,-69,-59.5,-68,-66,-61.5
-85.5,-79,-84.5,-78,-82,-78.5,-66,-80,-78,-77,-78,-75,-78,-75.5,-75.5,-68,-63,-68,-61.5,-70,-64,-68.5
-88,-82,-85,-79,-83,-77,-69,100,-87,100,-80,100,-76,-81,-72.5,-68,100,-68,-62,-70,-65,-75
100,-82,100,-82,-83,100,-72.5,100,-85,100,-82,-72,-77,-74,-73.5,-68,-69,100,-62,-70,-65,-64
-87,-84,100,-82,-85,100,-78.5,100,-81,-76,-79,-75,-74.5,-74,-73.5,-70,-69,100,-65,-75,-65,-59.5
-84.5,-84,100,-83,-85,100,-81,100,-79,-76,-79,-78,-71,-76.5,-73,-70,100,100,-68,-71.5,-65,-55
-82,100,100,-83,100,100,100,100,-78,100,100,100,-70,-79,-70,100,100,100,100,-68,100,100
100,100,100,100,-87,100,100,100,100,-82,100,100,100,100,100,100,100,100,100,-79,100,100
100,100,100,-80,-84.5,-75,100,100,-73,-81.5,-80,-76,-70,-69,-63,-67,-71,-63,-56,-72,-62,100
100,-87,100,-80,-82.5,-75,100,100,-69,-82,-80,-76.5,-70,-69,-63,-67,-71.5,-63,-56,-71.5,-62,-64
100,-87.5,-85,-81,-83.5,-74,-78,100,-68.5,-82.5,-86,-76.5,-71,-70,-63,-66,-72,-63,-56,-71.5,-62,-64.5
100,-88,-85,-82.5,-85,-73,-78,100,-72,-81.5,-86,-76,-72.5,-70,100,-66,-72,100,-56,-72,-62,-65
-85,100,100,-84,-84.5,100,-72,100,100,-79.5,100,100,-73,100,-63,-69,-72,-64,-65,100,-61,100
-86,-86,100,-84,-83,100,-71,-78,-77,-78.5,100,-72,-74,-70,-63,-72,100,-64,-63.5,-67,-61.5,100
-87,-86,100,-84,100,-78,-70,-78,-77,-79,100,-72,-75.5,-71.5,100,100,-71,-63,-62,-67.5,-62,-64
-85,-80,100,100,100,-78,100,100,100,-79,100,100,-77,-73,100,100,-71,-62,100,-68,100,-64
-84.5,-80.5,-88,-81,-81,-82,100,-83,100,-78,-87,-76,100,-76,-68,-68,-72,-66,-72,-69,-65,-65
-83,-81.5,-88,-81,-84.5,-84,-76,-83,100,-78,-84,-77,-71,-76,-70.5,-73,-73.5,-65,-74,-70,-65,-68.5
-82,-83,100,100,-88,-86,-76.5,100,-82,-78,-81,-78.5,-71,-74,-71,-77,-75,-63.5,-74,-71.5,-70,-72
100,-89,-84,-84,100,-75,100,100,-82,100,-78,-81,100,-73,-67,100,100,-61,-78,-72,100,-73
100,100,-84.5,-84,-78,-74.5,-76,-82,-82,-76,-76,-82,100,-74,-66.5,-70,100,-60.5,-78,-76.5,-56,-76.5
100,-88,-84.5,100,-76,-74,-76,-81,-77,-75.5,-73.5,-83,-72,-76,-66,-69.5,-79,-60,-80,-79.5,-56.5,-80
100,-88,-84,100,-74,100,100,-80,-77,-75,-73,100,-72,-78,100,-69,-79,100,-80,-78,-57,100
100,100,-84,100,100,100,100,100,100,100,100,100,100,100,-63,100,-77,100,100,100,100,-72
-79,100,-83.5,-83,-82,-71,-88,100,100,-72,-70,100,-77,-79,-63,-66,-77,-58,-74,100,-52,-72.5
-79,-81,-83,-83,-81,-71,-86.5,100,100,-71.5,-69.5,100,-78.5,-79,-62.5,-66,-78,-58,-71.5,100,-52.5,-73.5
-78,-81,-84,-81,-80,-73,-85,-84,100,-71,-69,100,-80,100,-62,-66,-79,100,-68.5,100,-53,-74
-77.5,-78,-83,-80.5,-82,-74.5,-79,-82.5,100,-72,-69,-82,-81,-83,-61.5,-65,-80.5,-58,-68,-77,-54,-74
-77,-78.5,-82,-80.5,-82,-76,-80,-81,100,-72,-69,-82,-78.5,-82,-61,-64.5,-81,-58,-68,-77,-54.5,-71.5
100,-79,-84,-81,-82,100,-83.5,-77,100,100,-77,-82,-78.5,-81,100,-68.5,100,-58,100,100,-55,-70.5
100,100,-84.5,-90,100,100,-86,-77.5,-77,-78,-84.5,-82,-81,-78,-68,-73,-81,-70,-76,100,100,-72
-90,100,-77,-83,100,-79,-81,100,100,-77,-77,-87,-65,100,-62,-70,100,-74,100,-63,-69,-75
100,100,-77,-83,-88,-79,-81,100,100,-80,-75.5,-88,-65,100,-62,-70,100,100,100,-62,-67.5,-75
-87,-90,100,-84,-87,-78,-79,-72,100,-84,-74,100,-63,-78,-65,-75,100,-71,-72,100,-66,100
-87,-88.5,-77,-83.5,-85,-77.5,-79,-72,-87,-85.5,-76,100,-63,-78,-65.5,-75,100,-71,-73.5,-61,-65.5,-86
-88,-87,-78,-85,-84,-77,-79.5,-72,-85.5,-84.5,-76,-86,-63,-77,-65.5,-75,-78,-71,-75,-61.5,-65,-86
-88,100,-78.5,-87,-77,-75,-80.5,-73,-84,-81.5,100,-86,-68,-76,-64,-71,-78.5,100,-75,-62,-68,-80
100,100,-78,-88,-77,-75,-81,-74,100,-80,100,100,-73,100,-63.5,-71,-79,100,-75,100,-68,-80.5
100,100,100,-87,100,100,100,100,100,-80,100,100,100,100,-64,100,-81,100,100,100,100,-80
100,100,100,-85.5,-77,-76,-82,100,100,-80,-72,-79,100,-73,-64,-68,-81,-66,-74,100,-69,-79.5
100,100,100,-85,-77,-76,-82,-74,100,-80,-72.5,-81,100,-74,-63.5,-68,-80,-62,-76,100,-69,-80
100,100,-86,100,100,100,-82,-74,-77,-77,-75.5,-83,-84,-75,-62.5,-70,-80,-58,-78,-59,-68,-82.5
100,100,-86,100,100,100,-82,100,-77.5,-74.5,-78.5,100,-84,100,-62,-70,-82,100,100,-59,-68,-85
100,100,100,100,-75,100,100,100,100,100,100,100,100,100,100,100,100,100,100,100,-85,100
100,100,100,-84,-75,100,100,100,100,100,100,100,100,100,100,100,100,100,100,100,-85,-70
-81,100,100,-84,100,100,100,100,100,100,100,100,100,100,100,100,100,100,100,100,100,-70
-81,100,100,100,100,100,100,100,100,100,100,100,100,100,100,100,100,100,100,100,100,100
100,100,100,100,100,100,100,-85,100,100,100,100,-72,100,100,100,-82,100,100,100,100,100
100,100,100,100,100,100,100,-85,100,100,100,100,-72,100,100,100,-82,100,100,100,100,100
100,100,100,100,100,100,100,100,100,100,100,100,100,100,100,100,100,100,100,100,100,100
100,100,100,100,100,100,100,100,100,100,100,100,100,100,100,100,100,100,100,100,100,100
100,100,100,100,100,100,100,100,100,100,100,100,100,100,100,100,100,100,100,100,100,100
100,100,100,100,100,100,-82,100,100,-77,100,100,100,100,100,100,100,100,100,100,-67,100
100,-87,100,100,-80,100,-82,-77,-86,-76.5,100,100,100,100,100,100,100,-72,-77,-52,-67,100
100,-86.5,-81,100,-80,-87,-83,-78,-86.5,-76,-76,100,-74,100,100,100,100,-72.5,-77,-52,-67,-81
-84,100,100,100,100,-84,100,100,-76,-82,100,-83.5,100,-73,-74,100,-76,-68,-84,-56,-64,100
-84,-84,-82,100,-83,-83,100,100,-77.5,-82,100,-83.5,-74,-73,-72,-76,-76,-66.5,-83,-55,-63.5,100
-84,-84,-82,100,-83,-82.5,100,100,-78,100,100,-84,-74,100,-68,-76,-75,-64.5,-82,-54,-63,100
-83.5,100,-81,100,100,-83,-83,-88,-78.5,100,-83,-87,-84,-74,-67,100,-76,-64.5,-73,100,-63,100
-85,-88,-82.5,100,100,-86,-82,-88,-78,-81,-81.5,-88,-79.5,-74,-68,-80,-78.5,-65.5,-73,100,-63,-87
-87,-84,-84,-86,100,-86,-80,100,-76,-80.5,-80,-89,-74,-74,-66,-80,-82.5,-66.5,-70,100,100,-80.5
100,-80.5,-84,-86,100,-73,-80.5,-84,100,-80,100,100,-71.5,-74,-65.5,-76,-83,-68,-70,-50,-62,-74
-74,-81,-87,100,100,-74,-83,-82.5,-75,-80,-79,-86,-69.5,-74,-65,-78,-78.5,-69,-74,-50,-62,-75
-74,-81,-86.5,100,-86,-75,-83.5,-82.5,-75.5,-83,-80,-84,-70.5,-74,-66,-80.5,-77,-69,-75,-50,-62.5,-76
-74,-82,-87,100,-83,100,-83,-84,-75,-86,-81,-82,-72,-74.5,-65.5,-80,-77.5,-69,-77.5,-50,-63,-76.5
-77.5,-83,-88,100,-80,100,-81,-82.5,-77,-87,100,-83,-73.5,-75,-65,-80,-77,-69,-79,-54,-63,-79.5
-81,-84,-89,100,-81,100,-81,-81.5,-79.5,-87,-83,-83,-75,-76,-72,-81,-82,100,-75,-58.5,-64,-83
100,-81,100,100,100,-80,-88,-84,-85,-83,-79,-84,-72,-72,-78,-78,-76,100,100,-75,-61,-70
-86,-81,-83,-84,100,-80.5,-88,-84,-84,-82.5,-84,-84,-72.5,-70,-78,-78.5,-78.5,100,-77,-76,-60.5,-71
-86,-84,-82.5,-84,-84,-80,100,-77,-81,-82,-84.5,-81.5,-77,100,-71,-78,-83,-72,-77.5,-78,-60.5,-72
-84,-83.5,-82,100,-85,-80,100,-79.5,-79,-83,-79.5,-79,-79.5,-70,-71,-75.5,-82.5,-70.5,-80,-80.5,-61.5,-73.5
-84,-83,100,-78,-86.5,-82,100,-80.5,-80,-81,-80,-78,-77.5,-69.5,-70,-74,-80,-68,-78,-82.5,-61.5,-73.5
100,-83,-87,-78,-87,-83,-83,-81,-77.5,-79,-78.5,-77,-78.5,-69,-71.5,-74,-70,-67,-72,-75.5,-60.5,-70
100,100,-87.5,-83,100,-82,-83,-81.5,-74,100,-76,100,-80,100,-75.5,-77,-70,-65,-70,-68,-60,-68
100,-81,-88,-83,100,-83.5,-79,-79.5,-74.5,-77,-77,-87,-80,-76,-77,-76,-69.5,-64,-70,-73,-62,-69
100,-81.5,100,-80,100,-85,-79.5,-78.5,-75,-77,-77,-86,-80,-77,100,-74.5,-68.5,-63,-70,-73.5,-62,-69
100,-82,100,-80,100,100,-80,-78,-75,100,100,-85,-77,-80,100,-72.5,-68,-63,-70,-74,-62,-69
100,100,100,100,-82,-82,100,100,-75,-85,-75,-84,-77.5,-77.5,-75,-71.5,-78,100,-77,100,100,100
100,100,100,100,-82,-82,100,-82,-78,-82,-75,-83.5,-79,-73.5,-74.5,-72,-78,-68,-76.5,-68,-66,-73
-85,-80,-84,100,-85,-77,-77,-82,-79,-82,100,-85,100,100,-78,-67,-79,-64,-76,-79,-54.5,-67
-85,-80,-84,-84,-85,-77,-77,-79.5,-79,-82.5,100,-85,100,-69,-78,-66,-79,-64,100,-75,-55,-67
100,100,100,-84,-85,100,100,-77,100,-83,100,100,100,-69,-73,-65,-74,100,100,-75,100,100
100,-85,100,-82,-85,-77,-77,-77,100,-82,-83,100,-89,100,-73,-66,-74,-70,-76,-72,-55,-68
100,-84,-88,-81.5,-85,-77,-78.5,-77,-76,-80.5,-80.5,100,-89,100,-74,-67.5,100,-69,-75.5,-72.5,-55,-68
100,-80,-87,-81,100,100,-78.5,-80,-76,-79,-78.5,-77,100,100,-75,-69,-70,-69,-71,-73,-53,-72
100,-76,-86,100,100,-81,-78.5,-81,-77,100,-79,-77,-69,-80,-77.5,-72,-70,-70,-66,-74,-52.5,-72
-88,-75,100,100,100,-80.5,-81,-78.5,-77,-85,100,-78,-68.5,-79.5,-80,-71.5,-70,-69,-65,-73.5,-52,-69
-88,-75,100,100,100,-81,-82,-78,-82,-85,100,-78,-68,-79,100,-71,-70,-69,-65,-73,-52,-69
100,100,100,100,100,-82,-83,100,-80,100,100,100,100,100,100,-72,100,100,-70,-87,100,100
100,100,100,100,100,100,-83.5,100,-78,100,100,-80,100,100,-79,-72,100,100,-69.5,-87,-61,100
100,100,100,100,100,100,-83,100,100,100,-82,-80,100,100,-79.5,100,100,100,-68.5,-84,-60.5,100
100,100,100,100,100,100,100,100,100,100,100,100,100,100,100,100,-71,100,100,100,-74,100
100,100,100,100,100,100,100,100,100,100,100,100,100,100,100,100,100,100,-64,100,-73,100
100,100,100,100,100,100,100,100,100,100,100,100,100,100,100,100,100,100,-64,100,100,100
100,100,100,-88,100,100,100,100,100,100,100,100,100,100,100,100,100,100,100,100,100,100
100,100,-87,-86,100,100,-89,100,100,-88,-75,-76,100,100,100,-82,-80,100,-61,100,100,100
100,100,-87,-84,100,100,-89,100,100,-88,-75,-76,100,100,100,-82,-80,100,-61,100,100,100
100,100,100,100,100,100,100,100,100,100,100,100,100,100,100,100,100,100,100,100,100,100
100,100,100,100,100,100,100,100,100,100,100,100,100,100,100,100,100,100,100,100,100,100
100,100,100,100,100,100,100,100,100,100,100,100,100,100,100,100,100,100,100,100,100,100
100,100,100,100,100,100,-77,100,100,100,-82,-82,100,100,100,100,-73,100,-58,100,-65,100
100,-83,100,-81,100,-84,-77,100,-84,100,-82,-82,-79,-74,-77,-79,-73,100,-58,-80,-65,-56
100,-84,100,-80,-86,-84,-76,100,-84,100,-82,100,-80.5,-73.5,-77.5,-80,-74,-83,-61,-80,-65,-56.5
100,100,-90,-76,100,100,-73,100,-79,-83,-86,-74,-71,-77,100,100,-66,-85,-67,100,100,-52
100,100,-90,-76,100,100,-73,100,-79,-83,-86,-74.5,-71,-77,-81,100,-66,-82,-67,100,100,-52
100,100,100,100,100,100,100,100,-79,-85,100,-75,100,100,-81,100,-67,-82,100,100,100,100
100,100,100,100,100,100,100,100,-79,-85,100,100,100,-77,100,100,-67,-82,-68,100,100,100
100,100,-88,100,100,-80,100,-84,-78,100,-83,-75,100,-78,-88,-82,-68,100,-68,100,100,100
100,100,-88,100,-90,-80,-74,-81.5,-78,100,-79,-75,100,-80.5,-88,-82,-67.5,-87,-61,-75,-76,100
100,100,100,-87,-87.5,100,-73,-79,-81,100,-75.5,100,100,-80,100,100,-66,-87,-61,-74,-76,-50
100,100,-84,-87,-85,100,-72,-84,-81,100,-76,-77,-67,-78.5,-79,100,-66,100,-61,-72.5,-82,-50
100,100,-86,-85,-84.5,-80,-72,-83.5,-80.5,-84,-76,-77.5,-67,-80,-79.5,-81,-67,-87,-61,-72.5,-82,-49.5
100,100,-87,-85,-84,-80,-72,-81.5,-79,-84.5,-82.5,-78,-67,-82,-80,-81,-67,-87,-61,-73,100,-49.5
100,100,-86,-83,-83,-86,100,-82,-80.5,-85,-89,100,-73,-83,-80,-74,-67,-82,-69,-80,-71,-52.5
100,-88,100,-83,-83.5,-85.5,100,-82.5,-84.5,100,100,100,-72.5,100,-80,-74,-76,-82,-69,-80,-71,-55
100,-85,-84,100,-80,100,100,-73,-82,-80,100,100,-75,-83,-67,100,100,-56,-73,-58,100,-69
100,-82,-84,100,-80,100,100,-73,-82,-80,100,100,-75,-83,-67,100,100,-56,-73,-58,100,-69
100,-82,100,100,100,100,100,-73.5,100,100,100,100,100,100,100,-70,100,100,100,-59,100,100
100,100,100,100,-75,100,100,-74,100,100,100,100,100,100,100,-70,100,100,100,-54,100,100
100,100,100,100,-75,100,100,100,100,100,-73,100,100,100,100,100,100,100,100,-54,100,100
-76,-81,-88,-85,-73,100,100,100,-81,100,-73.5,100,-74,-72,-73,-74,-74,100,100,-61,100,-68
-76,-80.5,-87,-85,-72.5,-76,100,100,-82,-74,-74.5,-86,-74,-71.5,-73,-75,-74,100,-82,-62,-73,-67.5
-76,-80,-86.5,-84.5,-72,-75.5,100,-80,-83,-74,-74.5,-86,-74,-71,-72,-76,-74,100,-82,-63,-73,-66.5
-76,-80,-87,-84,100,-75,100,-80,-83,-74,-74,100,-74,-71,-72,-76,-74,-56,-82,100,100,-66
100,100,100,-89,-81,100,-85,-80,-88,100,-74,100,100,100,100,-72,100,-58,100,100,100,100
-78,100,-85,-89,-81,100,-84.5,100,-88,100,-78.5,100,-69,-68,100,-71.5,-79,-60,100,100,100,-77
-80,100,-85,-89,-79,-82,-84,100,-87,-77,-82,-84,-71,-68,-86,-71.5,-77,-58,-68,100,-75,-77
-86,100,100,100,100,100,-82,-74,100,-75,-74,-77,-73,100,-82,-68,-72,100,-65,-77,100,-65
-86,100,100,100,-88,100,-81,-74,100,-75,-73.5,-79,-73,-72,-79.5,-67.5,-72,100,-65,-77,-66,-67
100,100,-84,-80,-86,-73,-79.5,-74.5,-78,-76,-73,-79.5,-72,-74.5,-76,-68,-68,-71,-66,-81,-67,-69
100,100,-84,-80,-84,-73,-79,-74.5,-78,-76,-73,-76.5,-72,-77,-76.5,-69,-67.5,-72.5,-66,-81,-68,-65
-84,100,100,-80,100,-73,100,-74,-78,-77,-71,-75,100,-72,-78,-68,-67,-76.5,-61,-72,-69,-65
-83.5,100,100,100,100,-73,100,-74,-78,-77,-71,100,100,-72,100,-68,100,-79,-57.5,-72,-69.5,100
-83.5,100,100,100,100,100,100,100,-84,100,100,100,100,100,100,-61,100,100,-54,100,-70,100
-84,100,100,100,100,100,100,-87,-84,100,100,100,100,100,100,-61,100,-64,100,-70,100,-64
100,100,100,100,100,100,100,-87,100,100,100,100,100,100,100,100,100,-64,100,-70,100,-64
100,100,100,100,100,100,100,100,100,100,100,100,100,100,100,-63,100,-81,100,100,100,100
-87,-84,-87,-90,100,100,100,-79,100,-79,-75,-78,-70,-72,-68,-63,100,-79.5,-64,-75,-65,-63
-87,-84,-88,-90,100,100,100,-79,100,-79,-75,-78,-70,-72,-68,-63,100,-78,-62.5,-75,-65,-63
100,100,100,100,100,100,100,100,100,100,100,100,100,100,100,100,100,100,100,100,100,100
100,100,100,100,100,100,100,100,100,100,100,100,100,-66,100,100,100,100,100,100,-75,100
100,100,100,100,100,100,100,100,100,100,100,100,100,-66,100,100,100,100,100,100,-75,100
100,100,100,100,100,100,-87,100,100,100,100,100,100,100,-77,-68,100,100,100,-74,100,100
100,100,100,100,100,100,-87,100,100,100,100,100,100,100,-77,-68,100,100,100,-74,100,100
100,100,100,100,100,100,100,100,100,100,100,100,100,100,100,100,100,100,100,100,100,100
100,100,100,100,100,100,100,100,100,100,100,100,100,100,100,100,100,100,100,100,100,100
100,100,100,100,100,100,100,100,100,100,100,100,100,100,100,100,100,100,100,100,100,100
100,100,100,100,100,100,100,100,100,100,100,100,100,100,100,100,100,100,100,100,100,100
100,100,100,100,100,100,100,100,-72,100,100,100,100,100,100,100,100,100,100,100,100,-68
-87,100,100,-79,100,-79,-76,-84,-72,100,100,-70,100,100,-72,100,-64,-72,100,-78,-79,-68
-87,100,100,-79,100,-79,-76,-84,100,100,100,-70,-84,100,-72,100,-63,-72,100,-78,-79,100
100,-82,100,100,-78,-77,100,-80,100,100,100,100,-60,-69,-55,100,100,-60,-68,-65,-71,-72
-83,-82,-83,100,-79,-76,-80,-80,100,-71,-85,-81,-57.5,-69,-55,-74,-84,-60,-68.5,-65,-72,-72
-83.5,100,-83,100,-79,-76,-80,100,100,-71,-85,-81,-55,-69,-58,-74,-84,-60,-69,-65,-73,-72
-80,100,100,100,-74,-77,100,-81,-79,100,-78,-82,100,100,-58,-82,-88,-61,100,100,-70,-71
-76,100,-78,100,-74,-77,100,-80,-80.5,-69,-83,-82,100,-63,-58,-79,-88,-63,100,100,-70,-71
-73,-88,-82,100,-79,-79,100,-77.5,-82,-69,-81.5,100,-61,-66,-53,-69.5,-72,-66,-66,-73,100,-67
-73.5,-84.5,-84,-85,-77.5,-83,-81,-80.5,-73,-67,-78,-81,-61.5,-66.5,-53.5,-64,-71,-64.5,-67,-71.5,-72,-67
-74,-80.5,-82,-84.5,-75,-87,-82.5,-83.5,-73,-66,-82.5,-82,-63,-64.5,-54,-64.5,-69.5,-62,-68,-70,-73.5,-67
100,-80,100,-84,-74,100,-84,-82,-73,-65,-84,-83,-64,-65,-54,-64,-69,-62,-68,-70,-75,-67
100,100,100,100,100,100,-82,-83,100,-65,100,-85,100,100,100,-65,-70,100,100,100,100,100
100,-86,-83,-85,-79,100,-82.5,-82,-76,-65,-82,-83.5,-66,-75,-61,-68.5,-70.5,-65,-78,-61,100,100
100,-86,-83,-85,-79.5,100,-85,-80.5,-75.5,-72,-80.5,-82.5,-66.5,-74.5,-56.5,-72,-71,-64.5,-77.5,-61.5,-73,-77
-89,-82,-81,100,-81,-77,-88,-85,100,-76,-69,100,-77.5,100,100,-52,100,-68,-68,-82,100,-67
-89,-82.5,-84,100,-81,-77,-88,-84,100,-76,-72,100,-76,100,100,-52,-58,-68,-69,-82,100,-67
100,-83,-86,100,-80,100,100,-83.5,-75,100,-74.5,100,-75,100,100,100,-58.5,-68,-68.5,-77,100,100
100,-83,-86,100,-80.5,100,-83,-84,-74.5,-76,-76,-85,-75,-62,-75,-54,-58.5,-70,-67,-77,-66,-66
100,-83,-84.5,-86,-79.5,-78,-84.5,-80,-73,-76.5,-78,-79.5,-78,-61,-74,-55.5,-58,-73,-64,-79.5,-65.5,-66.5
100,100,-83,-86,-78,-78,-86,-80,-73,-77,-65,-75,-78,-60,-69,-57,-68,-74,-63,-75,-65,-67
100,100,100,-81,100,100,100,-82,-74,100,-64.5,-76,100,100,-65,100,-68,-72,-62,-68,100,100
100,-82,100,-81,100,100,100,-82,100,100,-64,100,100,100,100,100,100,-72,100,-68,100,100
-83,-82,100,-82,-82,-75,100,100,100,-76,100,-78,-69,-61,-66,-62,100,-70,-59,100,-68,-74
-83,-82,100,-81,-84,-75,100,100,-75,-78,-66,-78,-72.5,-61,-66,-60,-64,-70,-63,100,-68,-72.5
100,-81,100,-79.5,-86,100,100,100,-78,-82,-70.5,-80,-76,-68,-77,-59.5,-64,100,-69.5,-73,-74,-71
100,-81,100,-79,100,100,100,100,-81,-84,-75,-82,-76,-68,-77,-61,-64,100,-72,-73,-74,-71
-82,100,100,-76,100,100,100,-84,-69,100,-72,-75,100,100,-77,-79,100,-79,100,-70,-70,-70.5
-81.5,100,-84,-76,100,100,-84,-84,-70.5,100,-72,-75,-76,-68,-75,-78,100,-79,100,-70,-70,-71
-80,-89,-84,100,-81,100,-83.5,-77,-70.5,-78,-73,100,-75.5,-68.5,-73.5,-77,-57,-78,100,-69.5,-69,-70
-79,-86.5,-89,-81,-81.5,-68,-82.5,-77,-69,-78,-73,-73,-75,-69,-74,-77.5,-56.5,-78,-62,-69,-70,-70
-79,-84,-89,-81,-82,-68,-82,-77,-69.5,100,-73,-73,100,-70,-75.5,-78,-56,100,-62,-69,-70.5,100
-78,100,100,100,100,100,-73,-89,-70.5,-75,100,100,100,-68,-80,-76,-60,100,-61.5,-69.5,-66,-72
-78,100,100,100,100,100,-73,-89,-71,-75,100,100,-71,-65,-81.5,-76,-59.5,100,-61,-70,-62,-72
-79,100,100,100,100,100,-73,100,-71,100,100,100,-71,-64,-80,100,-59,100,100,-70.5,100,100
-78.5,-78,100,-73,-82,-76,-79,100,-69,100,-71,-66,-68,-67.5,-84,-75,-57,-71,-62,-71,-64,-73
-78,-78,100,-73,-82.5,-74.5,-81.5,-78,-70.5,100,-72.5,-67,-68.5,-70.5,-85,-74.5,-58,-71,-62,100,-71.5,-73
100,-83,100,100,-83,-72.5,-84,-77,-77.5,-89,-74,-67,-72.5,-72.5,-81.5,-72.5,-57.5,-75,-65,-75,-79,100
100,-83,100,100,-83,-72.5,100,-76,-83,-89,100,-65.5,-76,-75,-81,-71,-56,-75,-65,-75,100,100
-75,-75,-84,-88,100,-70,-86,100,-80,-60,100,-69,-79,100,100,-73,100,100,-75,-65,-72,-74
-75,-75,-82,-88,-74,-70.5,-86,100,-82,-60.5,100,-67,-72,-75,-65,-73,-72,100,-75,-65,-72,-75
-76,-75,-80,100,-74,-71,100,100,-84,-61,100,-65,-65,-74.5,-65,100,-73,100,100,-65,100,-77
-76,-75,100,100,-69,100,100,100,100,-59,100,100,100,-74,100,100,-74.5,-73,-83,-64,-78,-78
100,100,-81,100,-70.5,-67,-82,100,100,-59,-70,-66,-68,-74,-65,-73,-75,-73.5,-83,-64,-78,-78
100,-82,-81,100,-72,-67,-82,-76,100,-58,-70,-66,-63,-69,-71,-73,100,-71,-74,-64,-82,-81
100,-82,100,-88,-74,-67,100,-76,100,-58,-70,100,-58,-69.5,-77,100,-89,-68,-73,-64.5,-82.5,-81.5
100,-82,-85,-88,-74,-67,-75,-76,-78,-58,-70,-70,-58,-69,-77,-73,-89,-68,-73,-65,-82.5,-82
100,-82.5,-86.5,100,-73.5,-67,-75,-75.5,-78,-58.5,-70.5,-69.5,-58,-68,-76,-73,-89,-68,-74,-65,-81.5,-82
100,-83,-87,100,-73,100,-74,-74.5,-78,-59,-71,-69,-60,-70,-72.5,100,-84,100,-74,-69,-81,100
-80,-80,-86,-86,-72,-84,-74,-72,-78.5,-62,-72.5,-73,-64,-78,-68,-67,-81.5,100,-78,-73,-79.5,-92
-80,-77,100,-85.5,-71,-84,-74,-71,-79,-62,-73,-73,-66,-86,-66,-67,-79,100,-82,-72.5,-78,-92
-81,-85,-87,-75,100,-75,-66,-72,-65,-82,-61,100,-69,-71,-78,100,-73,-77,100,100,-79,100
-81,-85,-87,-75,100,-75,-66,100,-65,-82,-61,100,-69,-71,-78,100,-74,-77,100,100,-79,-74
100,100,-78,-74,-82,100,100,-74,100,-77,-59,100,-68,-85,100,-62,100,100,100,100,-78,-75.5
-84,-81,-78,-74,-82,100,100,-74,-66,-77,-59,-76,-68,-85,100,-62,100,-72,100,100,-78,-77
-84,-78.5,100,100,100,-71,100,100,-66,100,-64,-76,-65,100,-70,-64,-77,-71.5,100,-81,100,100
-83,-76.5,-77,100,-83,-75,-74,-78,100,-84,-66,100,-65,-72,-70,-64,-77,-71,-84,-81,-74,100
-82.5,-76,-78,-88,-81,-79,-74,-80,100,-84,-68,100,100,-72,-69,-65,100,100,-84,100,-74,100
-82,-74.5,-79.5,-88,-79,-75,-73,-80.5,100,-83.5,-65,-70,-64,-71,-70,-65,-84,-78,-84,100,-74,100
-82,-74,-80,100,100,-75,-73,-79,-66,-83,-65,-72,-64,-71,-71,-65,-84,-79,-84,100,-74,100
-81.5,-76,100,100,100,-75,-76,-76,-65.5,-85,-71,-73.5,-64,-69,-70,-64,100,-80,-86,100,-74,100
-80,-77,100,100,100,-75,-76,-79,-65,-78,-68.5,-70,-64,-67.5,-70,-64,-75,100,-86,100,-74,100
-79.5,-78.5,100,-74,100,-88,100,-81.5,100,-70.5,-66,-67.5,-81,-65,100,100,-75,-90,100,100,100,100
100,-69,100,-76,100,-75,-76,100,-69,-74,100,-80,-85,-70,-77,-77,100,100,100,-77,100,100
100,-69,-79,-76,100,-74.5,-76,100,-68.5,-74,100,-76.5,-85,-71,-76.5,-77.5,-64,-81,-73,-76.5,-74,-76
100,-69,-79,-76,100,-74,100,100,-68,-74,100,-73,-85,-72,-76,-78,-64,-81,-73,-76,-74,-76
100,100,100,100,100,100,100,100,100,100,100,100,100,100,100,100,100,100,100,100,100,100
100,100,100,100,100,100,100,100,100,100,-81,100,100,100,-73,100,100,100,100,100,100,100
100,100,100,100,100,100,100,100,100,100,-81,100,100,100,-73,100,100,100,100,100,100,100
100,100,100,100,100,100,100,100,100,100,100,100,100,100,100,100,100,100,100,100,100,100
100,100,100,100,100,100,100,100,100,100,100,100,100,100,100,100,100,100,100,100,100,100
100,100,100,100,100,100,100,100,100,100,100,100,100,100,100,100,100,100,100,100,100,100
100,-70,-85,100,100,100,-77,100,100,100,100,100,100,100,100,100,100,100,100,100,100,100
100,-69.5,-85,100,-81,100,-77.5,100,-83,100,-75,100,100,100,100,-80,-71,-74,-68,-78,-76,-70
-85,-70.5,-85.5,-69,-80.5,-69,-78.5,-74,-83,-75,-75,-58,-74,-69,100,-81,-70.5,-74,-68,-78,-76,-70
100,100,100,100,-65,100,100,100,100,-75,100,-72,100,100,-71,100,100,-81,100,100,100,-73
-77,-86,100,100,-65.5,-66,100,-54,-62,-75.5,100,-72,100,-78,-71,-75,100,-81,-71,-73,-82,-73
-75,-85,-75,-74,-65,-66.5,-72,-56,-62,-74.5,-70,100,-62,-78,-71,-75,100,100,-71,-73.5,-82,100
-72.5,-83.5,-74.5,-74.5,-64,-67,-72,-58,100,-72,-70,-80,-61.5,100,100,100,-79,-78,-71.5,-75,100,-77
-72,-83,-74,-75,-64,-68.5,-72,-58,100,-71,-70,-80,-61,100,-70,-72,-79,-78,-72.5,-75,-77,-77
100,-79,-78,-80,-62,-70,-69,-61,-64,100,-68,100,-70,-67,-73,-70,-80,-75,-73,-74,-77,-74
-68,-78,-78.5,-80,-62,100,-69,-61.5,-64,100,-68,100,-69.5,-68,-76,-68,-79.5,-75,-72.5,-74,-77,-74
-68,-77,-80,100,-62,-73,-70,-62.5,100,-66,-68,100,-69,-69,-76,-68,-79,-75,-72,100,-77,100
-68,-80,-81,100,-62,-73,-70,-62.5,100,-66,100,100,100,-69,100,100,-80,100,100,100,100,100
100,-84,-81,-81,-62,100,-70,-62,100,-66,100,-75,-69,100,100,-68,-80,100,100,100,100,-74
-75,-86,-84,-81,-62,100,-85,-62,100,100,-68,-75,-68,100,-81,-72.5,-80,-78,100,-81,-85,-74
-74.5,-83.5,-84,-81,-66,100,-83.5,-58,100,-65,-68,-75,-67,-74,-80,-77,-80,-78,100,-81,-85,100
-83,-76,100,-76,-75,-64,-73,-65,-56,-81,-61,-60,-66,-65,-77,100,100,-76,-70,-82,-78,-76
-82,-79,100,-75,-75,-64,-73.5,-65,-55.5,-83,-61,-59.5,-66,-65,-80,100,-83,-76.5,-70,-82,-78,-76
-81,-82,-74,-74,-75,-61,-74,-62,-56,-85,-62,-59,-68,-66,-79.5,-84,-83,-77,100,-76,-80,-78
-80,-82,-74,100,-75,-61,100,-62,-56,100,-62,-59,-68,-66,-79,-81,100,-77.5,-72,-75.5,-81,-78
-80,100,100,100,100,100,100,100,100,-86,100,100,-72,100,100,-78,100,-77.5,-72,-74,-80,100
-77,-75,100,100,-80,100,-69,100,-55,-79,100,-64,-72,100,-72,100,-70,-75.5,-69,-73,100,-77
-74.5,-75,-76,-79,-80,100,-68.5,-70,-55.5,-71.5,100,-64,-73,-60,-72,100,-70.5,-74,-68.5,-74,-81,-77
-75,-78,-76,-78.5,-80,-74,-69.5,-70,-56,-71,-57,-65,-71,-60.5,-72,-69,-71,-73,-68,-75.5,-79,-76.5
-75,-77.5,100,-78.5,-79.5,-74,-71,100,-56,-72,-57,-65,-69.5,-60.5,-74,-70,100,-73,-68,-77,-77,-76
-75.5,-77,100,-75.5,-79,-74.5,-68,-67,-62,-74.5,-57,-65,-70,-60,-79,-71,100,-72,-68,100,-80.5,-77
-76,-76.5,100,-72,100,-75,-68,-69.5,-63,-77,-60.5,100,-71,-68,-84,100,-81,-72,-68,-82,-83,-77
100,-76,100,100,-84,-75,100,-72,-64,100,-64,100,-72,-68.5,-84,100,-81,100,-70,-82,-82,-79
100,-78,-83,-69,-78,-68,-61,-83,-74,-76,-68,100,100,-68,-74,100,100,-83,-76,-74,-71,100
-89,-79,-83.5,-69,-78,-67,-69.5,-84,-72,-76,-68.5,100,-70,-67.5,-75,-83,-73,-82.5,-73,-74,-71,-70
-89,-78.5,-81.5,-68,-77.5,-65.5,-77,-81,-68,-75,-69,100,-69.5,-66.5,-75,-79.5,-73,-83,-69.5,-75,-71.5,-70
-89,-77,-79,-68,-77,-65,-79.5,-79.5,-65.5,-74,-68,-66,-69,-65.5,-74.5,-76,100,-84,-69,-75,-72,-72
-85.5,-70,-88,-68,-79,100,-77,-82,-64.5,-72.5,-68,-63.5,-70,-62.5,-75,-79,100,-82,-69,-78,100,-74.5
-82,-70,-86.5,100,-78.5,100,-71,-69,-64,-72,100,-61,-71,-58,100,-77.5,100,-80.5,-72,-78,-73,-76
100,-74,-85,-64,-79,100,-66,-69,100,-85,-76,100,100,-56,100,-78.5,100,-79.5,-72,100,-73.5,-75
-79,-76,100,-65.5,-81.5,-69,-66,-71,100,-85,-80,-59,100,-57,-77,-79,100,-80,-72.5,-77,-74,100
-77.5,-76.5,100,-64.5,-79.5,-71,-58,-69.5,-64,100,-81,-59.5,100,-57,-77,-78,-73,-75,-70.5,-78,-73,100
-76,-74,-86,-62.5,-76.5,-72.5,-58.5,-68,-63.5,100,-76.5,-60,100,-60,-83,-78,-72.5,-76,-68,-79,-72,-78
100,-71.5,-86,-63,-77,-72,-59,-68,-63,100,-75,-60.5,100,-71,-83,-77,-72,-77,-68,100,-72,-78
-80,-69.5,100,-76,-80,-70,-61,100,100,-72,-75,-61,-81,-84,100,-83,-72,100,-67,-89,-89,-76
-82,-75,-64,-77,100,-68,-78,-70,-71,100,100,100,100,-78,-71,-79,100,100,-82,-71,-85,-80
-77,-72.5,-63.5,-79,-49,-68,-76.5,-70,-70.5,-64,-76,100,100,-78,-70,-79,-77,100,-83,-71,-85,-80
-71.5,-70,-63,-81,-49,-67,-75,100,-71.5,-64,-76,100,-69,100,-69,-78,-78,100,-82,-71,-93,100
-71,-72,-62,-78,-49,-67.5,-77,-71,-71.5,-69,-81,-79,-69,-82,-69,-78,-79,100,-81,100,-89.5,-77
100,-72,-63,-79,-49,-68.5,-77,-71,-70,-69,-81,-79,-69,-82,-70,-80,-79,-83,-82,-74,-86,-77
-61,100,-64,-74.5,-48.5,-73.5,100,-74,-75,-69,-76,100,-70,-82,-71,-79,-81.5,-83,100,-72.5,-80,-77
-61.5,100,-76,-69,-47,-77,-68,-74,-75,100,-76,-84,-71,100,-70,-77.5,-84,-74,-79,-70.5,-80.5,-77
-62.5,-67,-74,-69,-46,-76,-68.5,-81,100,-68,-74,-84,-71,100,-70,-77.5,-84,-74,-79,-70,-80.5,-77
-63,-67,-70.5,-69,-48,-78,-68,-76,-72,-66.5,-75,-79,-70,-86,-73,-77,-83,-75,-81,-70,-80,-77
-62.5,-67,-69,-69,-48,-78,-67,-71,-72,-67.5,-76.5,-79,-71,-86,-73,-76,-83.5,-75,-81,-70,-80,-77
-62,-72,100,100,-52,-64,-75,-71,-92,-70,-77,100,-78,100,-73,-79,-84,100,-90,-83,100,100
100,-72,-72,-79,-52,-64.5,-75,-70,-88,-70,-79,-79,-84,-84,100,-79,-88,100,-90,-83,-87,100
-88,100,100,100,100,100,100,100,100,100,100,100,100,-71.5,-86,100,-75,100,100,100,100,100
-84,100,-69,-63,-74,-49,100,100,-69,100,-71,100,-86,-72,-81,100,-75,100,100,-88,-86,-85
-80,100,-69,-62.5,-74,-49,100,100,-69,100,-71,100,-86,-70,-76,100,100,100,100,-88,-86,-85.5
100,100,-69,-62,-72,100,-71,100,100,100,-72,100,100,100,100,100,100,100,100,100,-87,-83
-82,-65,-70,-61,-75.5,-50,-71,100,-72,-79,-71,-71,-77,-73,-90,-82,-76,-79,-79,-84,-87,-80
-82.5,-65,-72,-65.5,-79,-49.5,-69,100,-69,-80.5,-70.5,-76.5,-77.5,-73,-90,-82,-76,-77.5,-76.5,-84,100,-78
-83.5,100,-73,-70,-71,-49,-66.5,-73,-66,-80.5,-71,-81.5,-78,100,100,100,100,-76,-74,-81,-82,-78
-84,-73,-73,-73,-71.5,-49,-67,-73,-67,-79,-69.5,-81,100,100,-78,-82,-77,-77,-74,-81,-80.5,-79
100,-68.5,-74,-70.5,-72,-49,-66.5,-73,-67.5,-79,-68,-78,-78,-73,-78,-82.5,-77,-78,-74,-81,-80.5,-79.5
100,-74,-74,-68,100,-49,-65,-73,-67,100,100,-78,-81,-73,-80.5,-84,-89,100,-74.5,-81,-82,-80
-88,-86,-70,-74,-77,-49.5,-67,-77,-68,-87,-73,-77,-86.5,-71,-84,-85,-88,100,-79.5,-81,-87,100
-88,-88,-70,-74,-77,-50,-67,-77,-68,-87,-73,-77,-89,-71,-85,100,-86.5,100,-84,-81,-87,100
-87,-68,-76,-71,-78,-67,-52,-91,100,-86,-75,-67,100,-69,-79,-78,-70,-84,-65,-88,-79,-79
-87,-70,-76,-71,-78,-67,-52.5,-91,100,-86,-75,-67,100,-68.5,-79,-78,-70,-84,-64.5,-88,-79,-76
-80,-72,-84,-69,100,-67,-53,100,-60,100,100,-62,-79,-68,100,-85,-73,-88,-64,100,-79,-73
-80,-72,-84,-69,100,-67,-55,100,-60,100,-74,-62,-78.5,-68,-82,-85,-73,-88,-65,-85,-79,100
-80,-72,100,-68,-78,-66.5,-54,-84,-68,100,-73.5,100,-75.5,-68,-82,-85,-72,-88,-65,-85,-79,-74
-83,-65,100,-67,-80,-74,-53.5,-80,-76,-81,-72.5,-73,-73.5,-73,-82,-77,-70,-87,100,100,-79,-73
-84.5,-64,-75,-66,-81.5,-82,-54.5,-75.5,100,-81.5,-72,-73,-74,-77.5,-83,-77,-68,-84.5,-71,100,-82,-71
-81,-64,-75,100,-81,-86,-54.5,-76,-72,-82,-73,-70,100,-77,-84,-77,-68.5,-81.5,-70.5,100,-83.5,-70
-78.5,-65,-78,-65,100,-86,-54,-76.5,-71.5,-81,-73,-69.5,100,-76.5,-79,-77,-69,-80,-70,100,-84.5,-73
-80,-64,-77.5,-65,-76,-77,100,-75.5,-71.5,-80,-74,-69,-73,-76,-79,-76.5,-68,100,-70,100,-82.5,-73
-84.5,-67,-79.5,-66.5,-76,-75,-56,-79,-69,-77,-76,-66,-79.5,-74,-79,-78.5,-70,-88,-72,100,-77.5,-72
-87,-71,-82,-68,-90,-72.5,-55,-83,-66.5,-78,-76.5,-66,-86,-74,100,-80,-73,-87,-74.5,-79,-74,-72.5
-53,-62,-75,-68,-65,-64,-79,-83,-77,100,-82,-77,100,-79,-72,-83,-79,-86,-86,-74,100,-86
-53,-62,-75,-68,-65,-64,-78.5,-83,-77,-79,-82,-77,-83,-79,-72,-83,-79,-86,-84.5,-74,100,-86
100,100,100,100,100,100,-78,100,100,-79,100,100,-83,100,100,100,-84,100,-83,100,100,100
100,100,100,100,100,100,100,100,100,100,100,100,100,100,100,100,-84,100,100,100,100,100
100,100,-63,-68,100,100,100,100,100,100,100,100,100,100,100,100,100,100,100,100,100,100
-50,-63,-60.5,-68,100,100,-74,100,-79,100,-76,-74,100,-81,100,-80,-79,100,100,-73,-82,-89
-50,-63,-58,100,100,-69,-74,100,-79,100,-75.5,-74,100,-81,100,-80,-78.5,100,100,-73.5,-82,-88.5
100,-63,100,100,100,-69,100,100,100,100,-75,100,100,100,100,100,-78,100,100,-74,-82,-88
100,100,100,100,100,-69,100,100,100,-71,100,-75,100,100,100,-82,100,100,100,100,100,100
-49,-63,-58,-68,-59,-69.5,100,-71,100,-71.5,-76,-74.5,100,-82,-76,-81.5,100,100,100,-77,-82,-86
-51.5,-63.5,-60.5,-69,-61.5,-72.5,-74,-71,-74,-75.5,-76,-74,-81,-82,-76,-81,-86,100,100,-81,-82,-86
-54,-64,-63,-70,-64,-75.5,-74.5,100,-74,-79,-75,100,-81,100,100,-85,-86,100,-90,-85,-86,100
100,-74,100,100,-67,100,-76,-72,100,100,-71,-76,-78,-76,100,-84,100,100,100,-82,-80,-85
100,100,100,100,-67.5,100,-76.5,-72,-76,-75,-71.5,-76,-77,-76,100,-82.5,100,100,100,-82,-80.5,-85
100,-63,-57,-76,-68,-76,-76,-76,-77,-74,-72,-76.5,-76,-79,-91,-82,100,-87,-86,100,-81.5,-89
100,-63,-57,-76,-68,-75.5,-75,-76,-78,-73,100,-77,100,-79,-91,-83,100,-87,-86,100,-82,-89
-69,100,100,100,-68,-75,100,100,-78,100,100,100,100,100,100,100,100,100,100,100,-82,100
-69,100,100,100,-68,100,100,100,-78,100,100,100,100,100,100,100,100,100,100,100,-82,100
100,100,100,100,100,100,100,100,100,100,100,100,100,100,100,100,100,100,100,100,100,100
100,100,100,100,100,100,100,100,100,100,100,100,100,100,100,100,100,100,100,100,100,100
100,100,100,100,100,100,100,100,100,100,100,100,100,100,100,100,100,100,100,100,100,100
-75,-56,100,100,100,-72,100,100,100,100,100,100,100,100,100,100,100,100,100,100,100,100
-75,-55.5,-70,-64,-64,-71,-76,-70,-76,-76,-78,100,100,100,-84,100,-83,-89,-79,100,100,-88
-77,-55,-71.5,-64,-64,-71.5,-75.5,-68.5,-76,-80.5,-78,100,100,-76,-84.5,-78,-83,-89,-78.5,-77,-75,-88
-71,100,100,-57,-70,-67,-70,100,-73,-84,-79.5,-69,-76,-70,100,-85,-75,100,100,100,-79,-82
-72.5,-66,100,-57,-71.5,-67.5,-71,-77,-75,-83,-79,-69,-77,-69.5,100,-85,-75,100,100,100,-79,-82
-78,-66,-69,-57,-73,-68,-72,-77,-77,-82,-78,100,-78,-68.5,100,-83,-74,100,100,100,100,100
-80.5,-65,-68.5,100,100,100,100,100,100,100,100,100,100,-68,100,-83,-74,100,100,100,100,100
-76,-65,-67,100,100,100,100,100,100,100,100,100,-77,100,100,100,100,100,100,100,100,100
-73,100,-66,100,-73,-61,100,100,100,100,100,100,-77,-69,100,100,100,100,100,100,100,100
100,100,100,100,-73,-61,100,100,100,100,100,100,100,-69,100,100,100,100,100,100,100,100
-77,100,100,100,100,100,100,100,100,100,100,100,100,100,100,100,100,-83,100,100,100,-73
-77,100,100,100,100,100,100,100,100,100,100,100,100,100,100,100,-84,-83,100,100,100,-73.5
100,-63,100,100,-84,100,100,100,100,100,100,100,100,-75,100,100,-84,100,100,100,100,-78
100,-63.5,100,100,-84,100,100,100,100,100,100,100,100,-75,100,100,100,100,100,100,100,-82
-77,-64.5,-78,-62,-80,-76,-73,-86,100,100,-77,100,100,-74,100,100,-88,-89,-85,100,-84,-81
-80,100,100,100,100,100,-74,-73,100,100,100,100,100,100,100,100,-72,100,100,100,100,100
-80,-74,100,-57,-78,-66,-74,-73,100,100,-84,100,-87,-69,100,-89,100,100,100,100,100,100
-78,-75.5,-73,-56.5,-76.5,-67,100,100,-72,100,-81,100,-87,-69.5,-84,-89,-74,-86,-76,100,100,-81
-78,-77,-73,-56,-75,-68,100,100,-70.5,100,-79,100,100,-70,-84,-85,-74.5,-86,-76,100,100,-81
-77,100,100,-57,100,100,-72,100,-71.5,100,-79,100,-73,100,-86,-85,-75,100,100,100,100,100
-76.5,100,100,-60.5,-84,-66,-72,-79,-70.5,100,-77.5,100,-72.5,-66,-88,-82,100,-83,100,100,100,-74
-76,-75,-74,-63,-84,-67,100,-79,-68.5,100,-78.5,100,-72,-67,-89,-79,-90,-83,100,100,100,-74.5
100,-75,-74,-66,-84,-68,-68,100,-69.5,100,-79.5,100,-72,-68,-89,100,-90,-83,100,100,100,-75
100,100,100,-66,100,100,-68,100,-68,100,-79,100,100,100,100,100,-88,-83,100,100,100,100
100,-70,100,-67,100,100,100,100,-72.5,100,-80,-78,100,100,-82,-82,-85.5,100,100,-78,100,100
-76,-70,-80,-66,100,100,-79,100,-79.5,-79,-79.5,-74.5,100,100,-82,-83.5,-84,-88,-75,-78,100,-70
-76,-69,-80,-65,-76,-68,-79.5,100,-81,-79,-79,-71,-74,-70,-82,-84,-85,-88,-74.5,100,100,-70.5
